"","run","root.state","n","n.RD","mntd.RD","mpd.RD","n.DAMOCLES","mntd.DAMOCLES","mpd.DAMOCLES","loglik.DAMOCLES","mu.DAMOCLES","gamma_0.DAMOCLES"
"1",1,0,46,46,89.68981,238.680085862802,50,93.53013414,246.457456551837,NA,NA,NA
"2",2,0,46,46,77.4751344347826,225.7096530657,45,73.6492393555556,238.523140779798,NA,NA,NA
"3",3,0,46,46,100.274484934783,275.893101085024,45,74.3475681111111,276.191369836364,NA,NA,NA
"4",4,0,46,46,86.1693154782609,222.749232160386,50,97.69678596,240.985534729796,NA,NA,NA
"5",5,0,46,46,76.5112785434783,321.825194735266,51,63.0606051764706,225.254919236078,NA,NA,NA
"6",6,0,46,46,80.2974410652174,254.299503989372,52,96.8116338269231,249.579570525641,NA,NA,NA
"7",7,0,46,46,109.828958304348,274.756909985507,44,105.588245090909,282.49690901797,NA,NA,NA
"8",8,0,46,46,84.0301988043478,249.5472267343,44,82.1764188636364,288.143087556025,NA,NA,NA
"9",9,0,46,46,86.8678823043478,260.891367952657,41,101.398926195122,264.540860485366,NA,NA,NA
"10",10,0,46,46,91.5200738695652,259.617400197101,45,88.6100933333333,283.896395917172,NA,NA,NA
"11",11,0,46,46,88.2573918478261,275.026821616425,40,108.045653525,268.637881417949,NA,NA,NA
"12",12,0,46,46,77.7853964130435,288.576479923672,44,96.9311198636364,254.19114247463,NA,NA,NA
"13",13,0,46,46,66.4544202173913,292.171933727536,38,94.4126285789474,248.498646671408,NA,NA,NA
"14",14,0,46,46,93.033203326087,253.099688540097,49,66.0812258571429,247.17557389966,NA,NA,NA
"15",15,0,46,46,72.4462147608696,237.278184723672,48,100.690203729167,251.90326024734,NA,NA,NA
"16",16,0,46,46,101.057085826087,249.943443657971,41,118.180294243902,281.461499665854,NA,NA,NA
"17",17,0,46,46,93.0290120434783,271.41526573913,49,98.8095638571429,282.00258562415,NA,NA,NA
"18",18,0,46,46,76.2420609130435,232.302336115942,51,102.851668137255,277.150536862745,NA,NA,NA
"19",19,0,46,46,72.9270740652174,227.353428705314,49,80.0385853469388,266.707699639456,NA,NA,NA
"20",20,0,46,46,72.2930006304348,283.384835917874,39,80.6731092051282,238.086476796221,NA,NA,NA
"21",21,0,46,46,92.9609205652174,291.487889796135,39,74.5781909230769,229.019860987854,NA,NA,NA
"22",22,0,46,46,84.1523623043478,283.457879248309,58,79.8261019827586,232.968252423472,NA,NA,NA
"23",23,0,46,46,92.7597650217391,291.480527643478,48,86.8065704583333,240.271788769504,NA,NA,NA
"24",24,0,46,46,82.8148558695652,242.917743763285,42,76.8983665238095,253.124939968641,NA,NA,NA
"25",25,0,46,46,98.393666326087,243.740691899517,37,73.6634242972973,285.132562231231,NA,NA,NA
"26",26,0,46,46,94.3332078695652,249.378344462802,42,82.6852194047619,233.326862867596,NA,NA,NA
"27",27,0,46,46,96.0846744565217,250.995147132367,54,82.3462199074074,260.960718392034,NA,NA,NA
"28",28,0,46,46,98.1310681521739,265.47273322029,42,122.05739452381,276.310910025552,NA,NA,NA
"29",29,0,46,46,79.1691121956522,256.968058519807,54,68.8956401111111,286.337771781971,NA,NA,NA
"30",30,0,46,46,80.0073064782609,279.938360600966,42,74.7305679761905,280.62137553194,NA,NA,NA
"31",31,0,46,46,91.4024011304348,300.178238225121,51,86.3481877254902,257.699047546667,NA,NA,NA
"32",32,0,46,46,106.343449021739,275.265097862802,42,101.797047642857,258.36599395122,NA,NA,NA
"33",33,0,46,46,90.8409979782609,281.672094750725,38,90.8348677105263,262.831571503556,NA,NA,NA
"34",34,0,46,46,97.6161967391304,296.757176862802,38,110.155196842105,297.684554421053,NA,NA,NA
"35",35,0,46,46,72.5423666304348,272.215826048309,38,107.190193736842,248.070364423898,NA,NA,NA
"36",36,0,46,46,110.80522226087,282.022140980676,41,82.7588761219512,298.133994839024,NA,NA,NA
"37",37,0,46,46,95.7162191304348,244.392853590338,39,109.776090974359,278.095042580297,NA,NA,NA
"38",38,0,46,46,101.311456347826,271.601692793237,59,78.0540661694915,263.112005519579,NA,NA,NA
"39",39,0,46,46,71.5420118478261,282.988300064734,50,58.22377504,226.194307286531,NA,NA,NA
"40",40,0,46,46,98.215432326087,277.039275599034,44,95.0761934772727,272.309594080338,NA,NA,NA
"41",41,0,46,46,76.0967355,304.044370776812,46,89.4840588478261,254.524960989372,NA,NA,NA
"42",42,0,46,46,87.706176173913,279.234401857971,43,111.926396046512,268.669840299003,NA,NA,NA
"43",43,0,46,46,102.480326695652,276.156666695652,41,107.34506295122,283.951014743902,NA,NA,NA
"44",44,0,46,46,99.1586477826087,298.575642279227,47,91.3009937659574,263.595485156337,NA,NA,NA
"45",45,0,46,46,90.4044001304348,256.490333262802,40,92.788667625,235.049955153846,NA,NA,NA
"46",46,0,46,46,81.1191685434783,242.546579704348,37,89.4812012972973,230.922154930931,NA,NA,NA
"47",47,0,46,46,104.872590391304,269.448864907246,35,100.602272057143,296.186538393277,NA,NA,NA
"48",48,0,46,46,96.4787771304348,313.211993681159,44,66.7713489545455,245.589989293869,NA,NA,NA
"49",49,0,46,46,78.1317951086957,246.208760090821,49,100.498241020408,261.851731877551,NA,NA,NA
"50",50,0,46,46,77.8947045434783,274.584882843478,43,80.0758303953488,296.799175393134,NA,NA,NA
"51",51,0,46,46,78.3407989565217,297.910340495652,49,94.5706619183673,250.946457258503,NA,NA,NA
"52",52,0,46,46,94.7169351304348,271.927337213527,53,93.2784105283019,253.220237404935,NA,NA,NA
"53",53,0,46,46,107.987854586957,263.073708422222,35,94.2487089142857,220.94528502521,NA,NA,NA
"54",54,0,46,46,74.6660421521739,221.778953247343,45,107.507832888889,249.622825751515,NA,NA,NA
"55",55,0,46,46,93.5523555652174,271.112412091787,42,98.1892244285714,265.628902297329,NA,NA,NA
"56",56,0,46,46,110.794009304348,264.400988574879,47,71.1952898510638,231.042874902868,NA,NA,NA
"57",57,0,46,46,63.5502372608696,223.180854403865,51,71.3066320196078,264.688673320784,NA,NA,NA
"58",58,0,46,46,98.5443777391304,269.398001724638,47,113.893034893617,255.868264144311,NA,NA,NA
"59",59,0,46,46,80.0369504130435,235.777714344928,46,82.8951654565217,251.018162163285,NA,NA,NA
"60",60,0,46,46,84.9864576956522,242.734849821256,39,100.146531205128,269.694886642375,NA,NA,NA
"61",61,0,46,46,100.184645804348,265.958892342995,38,69.1598453947368,243.035287708393,NA,NA,NA
"62",62,0,46,46,91.4895378695652,261.22305610628,43,98.1473244186047,266.111956385382,NA,NA,NA
"63",63,0,46,46,112.126378630435,278.517029224155,50,87.91124242,259.262871040816,NA,NA,NA
"64",64,0,46,46,89.202568826087,273.615862332367,47,85.8690895744681,243.491265478261,NA,NA,NA
"65",65,0,46,46,96.7407291304348,267.671847763285,49,90.4435477346939,286.507051557823,NA,NA,NA
"66",66,0,46,46,95.8148122826087,264.499139697585,44,92.3219073636364,239.942834395349,NA,NA,NA
"67",67,0,46,46,74.916501,262.378001175845,51,70.4301137843137,252.808066820392,NA,NA,NA
"68",68,0,46,46,80.0000481086957,261.764057227053,41,87.8121247560976,229.173765095122,NA,NA,NA
"69",69,0,46,46,99.9774423478261,292.122664716908,48,92.2934577291667,263.54449629344,NA,NA,NA
"70",70,0,46,46,88.786214,277.543700290821,49,72.1338323061224,248.795159363946,NA,NA,NA
"71",71,0,46,46,83.5502302173913,226.766710647343,49,64.1507301020408,282.082473782313,NA,NA,NA
"72",72,0,46,46,97.7006464782609,264.778892643478,49,84.0831164897959,260.019345221088,NA,NA,NA
"73",73,0,46,46,85.5455594130435,249.24240803285,44,85.2005242045455,294.630152891121,NA,NA,NA
"74",74,0,46,46,86.3460938478261,252.20064361256,39,98.0400743076923,262.665475066127,NA,NA,NA
"75",75,0,46,46,97.3940340434783,255.49036494686,46,97.4123349782609,248.65517435942,NA,NA,NA
"76",76,0,46,46,84.817662326087,304.707703788406,46,65.7125186086956,222.29908727343,NA,NA,NA
"77",77,0,46,46,93.3019286304348,300.563432262802,48,65.6050480208333,271.315209865248,NA,NA,NA
"78",78,0,46,46,88.4238388043478,279.57715667343,49,95.0389014897959,267.458728278912,NA,NA,NA
"79",79,0,46,46,100.796066586957,269.549693657971,46,96.958273673913,295.275461299517,NA,NA,NA
"80",80,0,46,46,110.549989717391,259.835411508213,46,89.5000587391304,251.032058025121,NA,NA,NA
"81",81,0,46,46,92.5682446521739,238.344680512077,45,85.5566216222222,257.195452539394,NA,NA,NA
"82",82,0,46,46,68.1137905434783,233.026206780676,51,92.4113105098039,271.315968522353,NA,NA,NA
"83",83,0,46,46,76.901803673913,237.273359515942,45,94.9457203111111,266.102634806061,NA,NA,NA
"84",84,0,46,46,92.3112121956522,260.705865646377,46,73.059009673913,231.398735861836,NA,NA,NA
"85",85,0,46,46,89.033415,242.140659014493,53,89.6104347358491,254.755716766328,NA,NA,NA
"86",86,0,46,46,95.9340142608696,291.643122905314,38,97.2722828421053,234.921705648649,NA,NA,NA
"87",87,0,46,46,98.4903875217391,316.448100197101,36,91.2420038333333,248.06530881746,NA,NA,NA
"88",88,0,46,46,91.5581232391304,259.890906606763,47,84.3651576808511,249.448294638298,NA,NA,NA
"89",89,0,46,46,96.9204618478261,280.550812181643,44,71.8699314318182,226.38556896723,NA,NA,NA
"90",90,0,46,46,91.0041397826087,264.80425283285,34,119.550617941176,276.146412780749,NA,NA,NA
"91",91,0,46,46,88.1760486304348,263.561689510145,47,75.9439151914894,260.373407820537,NA,NA,NA
"92",92,0,46,46,76.9473865869565,259.23351354686,47,90.3334865744681,248.201625420907,NA,NA,NA
"93",93,0,46,46,91.6085832608696,244.099674866667,54,89.8741038148148,266.320555308875,NA,NA,NA
"94",94,0,46,46,109.525587152174,329.21622117971,38,89.1667037368421,239.451491386913,NA,NA,NA
"95",95,0,46,46,106.044375956522,250.960617877295,44,97.7381034772727,250.871685494715,NA,NA,NA
"96",96,0,46,46,91.9774002391304,265.590636049275,53,85.9243078490566,253.796624563135,NA,NA,NA
"97",97,0,46,46,72.8444742826087,276.533954161353,47,98.478915212766,253.674069567068,NA,NA,NA
"98",98,0,46,46,90.2245523478261,245.336893361353,45,87.1590393111111,239.653714826263,NA,NA,NA
"99",99,0,46,46,108.852297565217,258.983308199034,50,83.32863626,268.798571995102,NA,NA,NA
"100",100,0,46,46,76.0789049347826,271.857470703382,47,80.0442753617021,256.401144956522,NA,NA,NA
"101",101,0,46,46,76.8737556304348,276.708395826087,39,106.869740615385,271.022709074224,NA,NA,NA
"102",102,0,46,46,112.889150130435,277.776174136232,54,87.9691244444444,257.253517062893,NA,NA,NA
"103",103,0,46,46,70.1307379130435,245.708349400966,47,81.7481858297872,239.503570590194,NA,NA,NA
"104",104,0,46,46,77.5096345652174,261.933196285024,44,103.522725431818,270.104769091966,NA,NA,NA
"105",105,0,46,46,90.3595936956522,312.338363597101,40,97.610154725,307.143844380769,NA,NA,NA
"106",106,0,46,46,71.2505685434783,245.011455245411,47,77.340368,299.243065358002,NA,NA,NA
"107",107,0,46,46,85.4483393478261,254.91282424058,57,87.8746353333333,278.909055096491,NA,NA,NA
"108",108,0,46,46,63.0413147608696,229.373910083092,42,98.1897547619048,246.976248680604,NA,NA,NA
"109",109,0,46,46,68.4782225,264.780945777778,51,100.372368843137,290.845420021961,NA,NA,NA
"110",110,0,46,46,86.2330430652174,292.777597303382,50,92.2241529,249.752684165714,NA,NA,NA
"111",111,0,46,46,91.5535649782609,248.468227311111,40,123.677682525,281.195302007692,NA,NA,NA
"112",112,0,46,46,82.0542117826087,262.801226697585,48,103.3666763125,267.673522692376,NA,NA,NA
"113",113,0,46,46,83.0652084347826,251.073922583575,41,97.427960902439,277.355948221951,NA,NA,NA
"114",114,0,46,46,87.0962864130435,242.305504829952,43,65.2564977906977,286.467301557032,NA,NA,NA
"115",115,0,46,46,92.5343926086957,230.199674782609,43,109.391354953488,286.061566936877,NA,NA,NA
"116",116,0,46,46,92.5291601521739,243.003686259903,45,97.1533023777778,263.89750470505,NA,NA,NA
"117",117,0,46,46,80.8963588478261,255.750706224155,39,109.290473820513,250.910219087719,NA,NA,NA
"118",118,0,46,46,100.597381478261,260.238987291787,50,77.37856738,246.130097545306,NA,NA,NA
"119",119,0,46,46,68.6152925217391,233.20704893913,46,108.082737391304,255.006749522705,NA,NA,NA
"120",120,0,46,46,85.8260845217391,265.746202384541,45,92.8130303777778,288.145276034343,NA,NA,NA
"121",121,0,46,46,69.5734167391304,230.049281667633,47,71.9782179787234,276.169891243293,NA,NA,NA
"122",122,0,46,46,76.0815274565217,241.946722972947,40,74.9736987,220.244472485897,NA,NA,NA
"123",123,0,46,46,82.0845516304348,271.101046633816,38,134.78941,306.795543930299,NA,NA,NA
"124",124,0,46,46,75.9275535434783,253.120251963285,45,80.7341160444444,255.459536028283,NA,NA,NA
"125",125,0,46,46,89.2749464347826,279.954173049275,46,80.1090704782609,298.214913712077,NA,NA,NA
"126",126,0,46,46,100.332567369565,249.437915192271,42,76.4300264285714,220.667561310105,NA,NA,NA
"127",127,0,46,46,105.930671978261,259.629796842512,49,103.487027367347,247.416044865646,NA,NA,NA
"128",128,0,46,46,80.8975889782609,271.444761055072,45,70.7896665777778,253.307953137374,NA,NA,NA
"129",129,0,46,46,91.2769780652174,298.013244030918,44,81.7602136136364,242.296200470402,NA,NA,NA
"130",130,0,46,46,78.474569,293.061171471498,51,96.7871527254902,273.275060222745,NA,NA,NA
"131",131,0,46,46,75.3721368695652,253.1494531343,50,85.10684428,247.739081770612,NA,NA,NA
"132",132,0,46,46,88.2148682826087,247.708813654106,50,88.9748183,248.517559794286,NA,NA,NA
"133",133,0,46,46,107.872401152174,247.955610115942,48,86.4772896666667,291.409735199468,NA,NA,NA
"134",134,0,46,46,94.3504946086957,261.109570690821,48,90.8741764583333,266.178679985816,NA,NA,NA
"135",135,0,46,46,102.325038630435,288.935605581643,44,91.9458590681818,294.96788177167,NA,NA,NA
"136",136,0,46,46,73.0368083695652,256.368715087923,50,73.47552516,253.230018474286,NA,NA,NA
"137",137,0,46,46,102.515533,287.569009446377,41,89.9633979512195,268.977425287805,NA,NA,NA
"138",138,0,46,46,90.5440614130435,263.378908780676,45,102.689682111111,264.582784040404,NA,NA,NA
"139",139,0,46,46,76.8970915869565,226.136204780676,43,100.060247418605,249.577609302326,NA,NA,NA
"140",140,0,46,46,91.1488135652174,249.146370900483,49,96.4443317959184,259.44567492517,NA,NA,NA
"141",141,0,46,46,71.7024730652174,292.999155028986,34,90.8995539117647,277.082767251337,NA,NA,NA
"142",142,0,46,46,74.2924846956522,252.185498145894,44,93.7494639090909,300.662171362579,NA,NA,NA
"143",143,0,46,46,76.0812433695652,271.434418664734,36,106.543292055556,290.816440596825,NA,NA,NA
"144",144,0,46,46,106.061958717391,265.310359243478,46,89.365164,272.814482531401,NA,NA,NA
"145",145,0,46,46,92.0124387391304,266.157947686957,55,85.2762770727273,284.544195959596,NA,NA,NA
"146",146,0,46,46,96.0404340217391,300.706802229952,36,91.5993536111111,274.700756466667,NA,NA,NA
"147",147,0,46,46,100.435919065217,254.341411826087,43,84.5688629767442,243.409059284607,NA,NA,NA
"148",148,0,46,46,87.5652393478261,285.497244257971,51,97.8141595882353,280.753870407843,NA,NA,NA
"149",149,0,46,46,71.6443815434783,261.488603292754,47,98.4946531914894,256.551160695652,NA,NA,NA
"150",150,0,46,46,92.8774716086957,235.373471710145,46,91.5998095217391,247.446188082126,NA,NA,NA
"151",151,0,46,46,74.4057557173913,262.653649864734,50,107.00980748,275.118954386122,NA,NA,NA
"152",152,0,46,46,82.148276,246.046439495652,47,90.2895704680851,231.464003161887,NA,NA,NA
"153",153,0,46,46,88.031421326087,260.846308355556,52,84.1565637692308,255.587538147059,NA,NA,NA
"154",154,0,46,46,73.9663619565217,233.089064864734,43,99.3149813255814,262.447089014396,NA,NA,NA
"155",155,0,46,46,105.407356978261,283.350898690821,36,73.3806683333333,215.521098073016,NA,NA,NA
"156",156,0,46,46,99.9169088478261,293.859450707246,44,97.0475008181818,276.296413959831,NA,NA,NA
"157",157,0,46,46,87.4282606956522,240.436833364251,43,102.143139232558,263.325780294574,NA,NA,NA
"158",158,0,46,46,79.0132197391304,275.109092335266,42,92.7489241428571,332.026223469222,NA,NA,NA
"159",159,0,46,46,98.6581191086957,245.251155428985,43,77.0153124186047,233.510561231451,NA,NA,NA
"160",160,0,46,46,95.9730204347826,240.047125983575,49,95.6919291632653,252.314921991497,NA,NA,NA
"161",161,0,46,46,75.1655456956522,229.808840091787,38,92.7959842631579,233.859690375533,NA,NA,NA
"162",162,0,46,46,79.4815679565217,249.013844098551,46,76.083504,296.142309357488,NA,NA,NA
"163",163,0,46,46,98.0095986956522,278.445447914976,49,96.6856345306122,289.172825765306,NA,NA,NA
"164",164,0,46,46,80.9200343260869,263.896903256039,40,96.771450375,316.864860834615,NA,NA,NA
"165",165,0,46,46,90.0454347391304,276.773509392271,43,121.070145697674,277.342686812846,NA,NA,NA
"166",166,0,46,46,63.9607032173913,207.769253716908,45,82.1728091555556,264.328018468687,NA,NA,NA
"167",167,0,46,46,80.7683773913044,290.483554057971,47,89.2684357659574,245.906559082331,NA,NA,NA
"168",168,0,46,46,95.3587375,298.428494094686,49,86.5099712857143,254.178295811225,NA,NA,NA
"169",169,0,46,46,105.819654717391,275.439142077295,46,92.0888354782609,241.67483342029,NA,NA,NA
"170",170,0,46,46,87.267674673913,278.302134170048,44,95.9272769318182,257.573475204017,NA,NA,NA
"171",171,0,46,46,94.597785173913,247.382472730435,42,84.2678544285714,233.94153239489,NA,NA,NA
"172",172,0,46,46,108.080676065217,298.550110501449,47,84.0976567021277,246.144379591119,NA,NA,NA
"173",173,0,46,46,76.7484086521739,274.587618021256,51,89.0155035490196,262.652650003137,NA,NA,NA
"174",174,0,46,46,86.8951198478261,247.229207238647,49,88.6975671428571,282.214280931973,NA,NA,NA
"175",175,0,46,46,97.6384763695652,237.804326515942,37,84.4580883513513,249.258974900901,NA,NA,NA
"176",176,0,46,46,92.3206522391304,272.687232005797,53,67.935926754717,230.801424872279,NA,NA,NA
"177",177,0,46,46,62.3473328913043,288.72159550628,49,95.2420250816326,244.806931734694,NA,NA,NA
"178",178,0,46,46,59.9846568913043,293.822211288889,40,103.32373715,272.48515495641,NA,NA,NA
"179",179,0,46,46,82.8058150869565,289.470497995169,47,67.8695887021277,263.418836893617,NA,NA,NA
"180",180,0,46,46,96.6813468043478,256.000807442512,40,87.858494975,234.360979753846,NA,NA,NA
"181",181,0,46,46,80.4299564782609,248.28504373913,38,104.652787210526,285.50040070128,NA,NA,NA
"182",182,0,46,46,100.38545273913,245.323054486957,40,94.15874225,270.552140730769,NA,NA,NA
"183",183,0,46,46,95.2956654347826,263.665151617391,44,105.843216159091,267.028347943975,NA,NA,NA
"184",184,0,46,46,112.261832630435,277.081846202899,45,92.5658218444444,296.366619143434,NA,NA,NA
"185",185,0,46,46,92.8240658478261,264.387158920773,48,80.6332328541667,272.93603939805,NA,NA,NA
"186",186,0,46,46,75.6298669565217,271.905415961353,43,76.4220477906977,245.806690967885,NA,NA,NA
"187",187,0,46,46,86.7950252826087,282.77019115942,46,91.3959781956522,302.563248815459,NA,NA,NA
"188",188,0,46,46,86.7443593695652,297.368367609662,42,100.594681761905,229.816947105691,NA,NA,NA
"189",189,0,46,46,102.473025978261,256.910601745894,52,106.068627461538,266.27694504902,NA,NA,NA
"190",190,0,46,46,81.3204365,286.045845646377,50,84.48780604,276.04688400898,NA,NA,NA
"191",191,0,46,46,76.0035603478261,261.106385899517,49,72.8781777142857,267.487356380952,NA,NA,NA
"192",192,0,46,46,91.2066320434783,253.475866921739,54,94.1236068148148,259.647511081062,NA,NA,NA
"193",193,0,46,46,81.047051326087,259.165304354589,38,113.566292631579,292.9769285633,NA,NA,NA
"194",194,0,46,46,88.4718003260869,244.206405266667,48,80.287261625,286.585224809397,NA,NA,NA
"195",195,0,46,46,111.255944891304,280.81954284058,45,87.4674981333333,246.332204973737,NA,NA,NA
"196",196,0,46,46,85.7665070434783,238.045933394203,50,91.0129026,252.695588729796,NA,NA,NA
"197",197,0,46,46,102.007738152174,289.923970527536,44,76.59656775,220.667246514799,NA,NA,NA
"198",198,0,46,46,76.0091944782609,269.256237887923,51,70.205321372549,277.634805438431,NA,NA,NA
"199",199,0,46,46,68.5321303478261,239.076092882126,50,99.00186452,258.878764943673,NA,NA,NA
"200",200,0,46,46,83.3468416304348,228.689857188406,39,116.60843325641,253.093892013495,NA,NA,NA
"201",201,0,46,46,81.7587755217391,253.961623362319,48,80.0977775625,257.657238416667,NA,NA,NA
"202",202,0,46,46,102.715047456522,264.800408138164,52,72.7947151730769,237.016417036199,NA,NA,NA
"203",203,0,46,46,91.1430490217391,268.749114986473,55,93.2098712545454,236.886000914478,NA,NA,NA
"204",204,0,46,46,89.3688417391304,230.295266092754,52,73.8787810384615,245.281350917798,NA,NA,NA
"205",205,0,46,46,82.5944362826087,239.829474705314,43,81.5654246744186,258.119916566999,NA,NA,NA
"206",206,0,46,46,92.6617989565217,250.004355902415,39,78.235917051282,208.979165460189,NA,NA,NA
"207",207,0,46,46,109.266039565217,252.218428747826,46,107.675437326087,271.885357019324,NA,NA,NA
"208",208,0,46,46,104.939411130435,264.161822497585,50,98.20504734,259.146069326531,NA,NA,NA
"209",209,0,46,46,83.5872399130435,260.526154983575,43,73.9436328139535,255.719371120709,NA,NA,NA
"210",210,0,46,46,89.5020277608696,276.884553153623,51,95.1435225098039,270.193680974118,NA,NA,NA
"211",211,0,46,46,91.7524038913043,254.670082422222,45,106.381338888889,259.239854593939,NA,NA,NA
"212",212,0,46,46,87.2893455869565,283.480482536232,54,85.5602262592593,256.790997018868,NA,NA,NA
"213",213,0,46,46,94.1019088043478,258.671107335266,39,93.5722911794872,248.065382585695,NA,NA,NA
"214",214,0,46,46,89.6320112608696,286.851569216425,51,74.2318078627451,250.552089800784,NA,NA,NA
"215",215,0,46,46,96.2149754565217,251.558452462802,40,102.7180799,234.368432123077,NA,NA,NA
"216",216,0,46,46,70.5351450217391,252.456118337198,53,71.806113754717,260.96617582148,NA,NA,NA
"217",217,0,46,46,83.0474721521739,295.266795817391,45,93.1148611333333,249.926355511111,NA,NA,NA
"218",218,0,46,46,66.371165826087,249.24935761256,36,86.3920991666667,247.963346074603,NA,NA,NA
"219",219,0,46,46,102.899992826087,254.673913254106,51,91.5900381568627,240.970853030588,NA,NA,NA
"220",220,0,46,46,66.3874465217391,223.148479393237,55,86.7266363272727,249.213685392593,NA,NA,NA
"221",221,0,46,46,100.053439195652,260.967316769082,43,85.0656498139535,229.963917530454,NA,NA,NA
"222",222,0,46,46,103.671950847826,259.534501365217,40,83.48073515,239.454897326923,NA,NA,NA
"223",223,0,46,46,71.4678952826087,220.007278809662,49,80.8079770204082,241.698499823129,NA,NA,NA
"224",224,0,46,46,98.5791205652174,282.247816874396,45,69.1672906888889,269.076383256566,NA,NA,NA
"225",225,0,46,46,86.2985775217391,274.634367761353,40,100.75124375,263.792361615385,NA,NA,NA
"226",226,0,46,46,82.7758961086956,227.345066777778,50,99.96041898,265.444772711837,NA,NA,NA
"227",227,0,46,46,84.620700673913,279.041168217391,50,76.25633324,295.256697298776,NA,NA,NA
"228",228,0,46,46,67.883662,235.591003471498,45,93.5032009777778,271.123881452525,NA,NA,NA
"229",229,0,46,46,97.5252613695652,257.685241078261,45,77.3080342666667,230.813941933333,NA,NA,NA
"230",230,0,46,46,103.90546723913,252.102614691787,46,88.341106,277.188092573913,NA,NA,NA
"231",231,0,46,46,78.4783665869565,266.299063868599,49,71.8079743061224,270.479793442177,NA,NA,NA
"232",232,0,46,46,85.1846894782609,240.7876145343,47,83.5327506382979,257.167237039778,NA,NA,NA
"233",233,0,46,46,99.2976330434783,254.105233953623,49,102.030945714286,298.376029780612,NA,NA,NA
"234",234,0,46,46,94.5735772608696,270.102469659903,46,119.955804108696,265.98205214686,NA,NA,NA
"235",235,0,46,46,74.9445894130435,267.179652086957,41,85.2812547804878,252.670021212195,NA,NA,NA
"236",236,0,46,46,67.9472882173913,248.585586747826,52,93.5993485576923,249.0425024819,NA,NA,NA
"237",237,0,46,46,87.5337948478261,252.434857748792,48,80.2758171666667,278.442737286347,NA,NA,NA
"238",238,0,46,46,97.4683624347826,246.874362184541,46,90.6321130652174,248.893864644444,NA,NA,NA
"239",239,0,46,46,83.3574197173913,245.721546052174,27,102.492428333333,301.89198605698,NA,NA,NA
"240",240,0,46,46,69.0397109782609,218.950185468599,50,68.7993539,230.418039837551,NA,NA,NA
"241",241,0,46,46,82.0890677608696,288.86735703285,35,119.216220857143,239.54048069916,NA,NA,NA
"242",242,0,46,46,53.2944590652174,252.944238491787,46,85.0284030869565,292.075926662802,NA,NA,NA
"243",243,0,46,46,79.2508059347826,240.485129296618,42,93.645744,238.551053188153,NA,NA,NA
"244",244,0,46,46,86.1918175652174,268.390808256039,43,91.5879689767442,257.649287151717,NA,NA,NA
"245",245,0,46,46,87.3701617391304,284.380153056039,48,71.2509073125,229.455336353723,NA,NA,NA
"246",246,0,46,46,68.802106826087,266.908361314976,45,75.0688835111111,252.485958507071,NA,NA,NA
"247",247,0,46,46,95.65459,245.534229149758,41,96.1198251219512,325.728185460976,NA,NA,NA
"248",248,0,46,46,75.4424183478261,276.988215035749,50,77.98709254,242.673598839184,NA,NA,NA
"249",249,0,46,46,92.813143326087,292.2249552,46,85.442564173913,233.569301474396,NA,NA,NA
"250",250,0,46,46,98.3547511521739,259.335501296618,55,90.5271536363636,278.68163672862,NA,NA,NA
"251",251,0,46,46,80.4072317391304,247.150588327536,47,79.2226356595745,270.560823957447,NA,NA,NA
"252",252,0,46,46,117.235588826087,273.915889545894,46,81.4087813478261,245.173904780676,NA,NA,NA
"253",253,0,46,46,85.8213204347826,274.46714906087,52,70.2009271730769,258.626885698341,NA,NA,NA
"254",254,0,46,46,104.145978695652,253.135342338164,50,91.4787499,254.921386334694,NA,NA,NA
"255",255,0,46,46,96.4094806086956,263.255665942995,43,86.3119058837209,242.870416035437,NA,NA,NA
"256",256,0,46,46,59.2072221086957,243.514178279227,36,85.5709198333333,255.449843587302,NA,NA,NA
"257",257,0,46,46,60.5619282826087,264.748966903382,44,94.1959858863636,254.764060213531,NA,NA,NA
"258",258,0,46,46,89.5119040434783,303.377273195169,56,80.8641855535714,238.327546734416,NA,NA,NA
"259",259,0,46,46,66.5628623478261,211.831273496618,45,100.418343622222,298.264547579798,NA,NA,NA
"260",260,0,46,46,64.916547,245.313323458937,62,61.6901309193548,276.479582640931,NA,NA,NA
"261",261,0,46,46,81.1931756304348,260.631376669565,46,83.1645541521739,259.979393344928,NA,NA,NA
"262",262,0,46,46,67.2048500217391,214.1424438,46,98.5466779347826,271.213869536232,NA,NA,NA
"263",263,0,46,46,87.6849691956522,281.821437143961,45,100.553112333333,290.54092939798,NA,NA,NA
"264",264,0,46,46,76.2405198478261,276.738106380676,54,75.6387551666667,240.282900998602,NA,NA,NA
"265",265,0,46,46,80.9477275217391,247.801984847343,42,82.6986929761905,237.992045245064,NA,NA,NA
"266",266,0,46,46,70.5966015434783,249.220404523672,50,83.4476941,263.982286807347,NA,NA,NA
"267",267,0,46,46,89.133215173913,246.553037784541,46,100.662536565217,306.0915032657,NA,NA,NA
"268",268,0,46,46,92.9459598695652,260.54410664058,51,81.2619261568627,270.331771196863,NA,NA,NA
"269",269,0,46,46,94.4914980217391,295.933897419324,47,101.701097085106,257.953539726179,NA,NA,NA
"270",270,0,46,46,83.4124375434783,244.825964617391,54,61.1057334814815,282.310650148148,NA,NA,NA
"271",271,0,46,46,102.226228847826,253.081256984541,40,104.33077415,239.786712774359,NA,NA,NA
"272",272,0,46,46,80.3194303043478,228.40728609372,48,76.13301975,231.852069494681,NA,NA,NA
"273",273,0,46,46,71.7039625217391,244.594536547826,49,91.9849905510204,258.906770845238,NA,NA,NA
"274",274,0,46,46,71.8337360434783,294.805862123671,46,97.4591867826087,256.32783669372,NA,NA,NA
"275",275,0,46,46,78.4660385,252.473533529469,40,89.201611,249.802868217949,NA,NA,NA
"276",276,0,46,46,92.2421487608696,245.09065075942,50,81.97731884,243.384228161633,NA,NA,NA
"277",277,0,46,46,80.0863547173913,221.614286682126,41,93.4550851463415,228.533376617073,NA,NA,NA
"278",278,0,46,46,94.5165367391304,291.154383444444,43,96.4015067441861,286.090752028793,NA,NA,NA
"279",279,0,46,46,62.0881436304348,215.770094563285,47,75.4259536382979,225.983058094357,NA,NA,NA
"280",280,0,46,46,94.508799673913,264.16285143285,37,118.869234540541,282.240696111111,NA,NA,NA
"281",281,0,46,46,95.4356908043478,262.780859889855,54,77.8059455185185,259.233847616352,NA,NA,NA
"282",282,0,46,46,85.5241725869565,286.412015157488,49,89.8371380816326,255.237002664966,NA,NA,NA
"283",283,0,46,46,61.5529796304348,216.52861815942,47,92.8397913617021,260.601855922294,NA,NA,NA
"284",284,0,46,46,86.1222062608696,271.964403536232,44,81.0876814772727,260.898576656448,NA,NA,NA
"285",285,0,46,46,74.1542883695652,229.308176774879,47,97.8538630425532,274.972829881591,NA,NA,NA
"286",286,0,46,46,101.201556717391,252.211180401932,51,83.5905053529412,288.551755775686,NA,NA,NA
"287",287,0,46,46,74.7166826086956,277.964807459903,51,76.7674156470588,296.313764588235,NA,NA,NA
"288",288,0,46,46,79.2912456304348,242.870883443478,49,70.8738121020408,247.897733585034,NA,NA,NA
"289",289,0,46,46,101.159271978261,250.303333005797,36,82.0547624166667,243.266156307937,NA,NA,NA
"290",290,0,46,46,91.114447673913,239.178130597101,47,91.5868511489362,247.892643315449,NA,NA,NA
"291",291,0,46,46,82.9411933913044,272.292574637681,43,84.4115835348837,289.347796967885,NA,NA,NA
"292",292,0,46,46,97.4271109565217,273.735380575845,41,108.582918756098,265.422743570732,NA,NA,NA
"293",293,0,46,46,96.738325826087,283.270308152657,31,90.4964416774194,245.30112412043,NA,NA,NA
"294",294,0,46,46,84.8061459782609,293.652892312077,52,76.8841051923077,295.705163798643,NA,NA,NA
"295",295,0,46,46,70.2505659130435,227.607368910145,41,101.490158512195,263.286052680488,NA,NA,NA
"296",296,0,46,46,65.4216187173913,225.061071244444,50,61.23941564,223.493435806531,NA,NA,NA
"297",297,0,46,46,80.0407643478261,277.765894839614,41,87.0557826829268,246.440780895122,NA,NA,NA
"298",298,0,46,46,64.0334474347826,291.553249795169,45,66.6063269777778,279.174378933333,NA,NA,NA
"299",299,0,46,46,84.6952408043478,263.552532303382,45,97.647127,296.091735608081,NA,NA,NA
"300",300,0,46,46,77.2566280869565,257.713376680193,44,100.133193409091,264.340259160677,NA,NA,NA
"301",301,0,46,46,79.4551183478261,241.395453194203,47,91.7629394893617,256.595448577243,NA,NA,NA
"302",302,0,46,46,88.3530604347826,281.21052888599,41,102.743784731707,247.192433680488,NA,NA,NA
"303",303,0,46,46,89.3898930217391,287.201634940097,51,74.50735,248.541670305882,NA,NA,NA
"304",304,0,46,46,88.3405107173913,243.160895206763,50,68.71938854,272.831874666122,NA,NA,NA
"305",305,0,46,46,109.52593526087,285.860540903382,50,74.40574656,233.618896125714,NA,NA,NA
"306",306,0,46,46,100.851323891304,268.909557424155,43,85.2686884418605,259.285899550388,NA,NA,NA
"307",307,0,46,46,94.1331530217391,257.927309486957,49,95.1059509591837,251.237918971088,NA,NA,NA
"308",308,0,46,46,92.5393792826087,269.071553968116,48,69.2995863541667,274.35328360461,NA,NA,NA
"309",309,0,46,46,82.2249877173913,223.344384297585,49,89.2583023265306,257.562338416667,NA,NA,NA
"310",310,0,46,46,106.493282543478,268.588053121739,45,61.9826208,274.750581147475,NA,NA,NA
"311",311,0,46,46,94.6211525434783,302.256068113043,55,81.9074807090909,282.211648723232,NA,NA,NA
"312",312,0,46,46,81.144093173913,269.477796131401,49,98.1819544081633,281.969576348639,NA,NA,NA
"313",313,0,46,46,86.7195898043478,279.178149808696,47,93.0348598723404,256.851845372803,NA,NA,NA
"314",314,0,46,46,99.3436496086957,288.539661168116,52,73.5212612115385,253.949263047511,NA,NA,NA
"315",315,0,46,46,87.5359079130435,249.689170553623,59,85.9471152711864,269.357604157802,NA,NA,NA
"316",316,0,46,46,93.1096225652174,258.280809828986,50,83.69244484,266.872752298776,NA,NA,NA
"317",317,0,46,46,89.3245746521739,300.454582206763,40,92.9190093,285.748862037179,NA,NA,NA
"318",318,0,46,46,93.4533234782609,297.229166646377,42,103.047356095238,257.438746204413,NA,NA,NA
"319",319,0,46,46,86.1926579130435,255.59189411401,49,106.757339510204,249.635183967687,NA,NA,NA
"320",320,0,46,46,83.0942310652174,276.565146281159,41,94.9100821707317,289.083791714634,NA,NA,NA
"321",321,0,46,46,73.1055498478261,272.47296212657,45,84.5608900222222,290.934693113131,NA,NA,NA
"322",322,0,46,46,104.987753826087,272.527009596135,37,124.526468837838,290.301700501502,NA,NA,NA
"323",323,0,46,46,103.474784891304,267.407648548792,51,85.9576388823529,272.701644007843,NA,NA,NA
"324",324,0,46,46,96.8452649565217,286.744168079227,45,90.1539899111111,240.634583634343,NA,NA,NA
"325",325,0,46,46,76.6938165652174,292.232069433816,45,83.2263364222222,273.205890818182,NA,NA,NA
"326",326,0,46,46,88.4120236304348,283.37396292657,42,92.5459668571429,248.112016957027,NA,NA,NA
"327",327,0,46,46,103.442177521739,252.671613905314,42,87.5226206428571,266.443558995354,NA,NA,NA
"328",328,0,46,46,88.2814384782609,250.468024494686,47,91.2431972127659,240.095334344126,NA,NA,NA
"329",329,0,46,46,92.0731269782609,257.403844351691,45,76.5262104666667,235.004767325253,NA,NA,NA
"330",330,0,46,46,98.0741974565217,278.543923899517,52,62.2954144230769,236.198451249623,NA,NA,NA
"331",331,0,46,46,83.6958327391304,262.301133039614,47,89.2914079148936,302.797306897317,NA,NA,NA
"332",332,0,46,46,96.1534523695652,235.359391728502,46,78.0043575869565,265.737984724638,NA,NA,NA
"333",333,0,46,46,69.9031713043478,284.326684122705,45,82.7686158666667,305.230875278788,NA,NA,NA
"334",334,0,46,46,113.478308173913,270.394662983575,40,96.9646722,305.716277160256,NA,NA,NA
"335",335,0,46,46,80.1585062173913,251.187374402899,50,78.1502114,262.238709828571,NA,NA,NA
"336",336,0,46,46,83.8056250869565,237.59553845314,51,89.9077440392157,282.734162050196,NA,NA,NA
"337",337,0,46,46,70.9138331956522,235.90191061256,51,93.181794627451,246.857919579608,NA,NA,NA
"338",338,0,46,46,106.839319652174,272.721481830918,48,96.4396563958333,265.480513399823,NA,NA,NA
"339",339,0,46,46,79.5317885652174,272.997795533333,41,123.889455756098,287.105798048781,NA,NA,NA
"340",340,0,46,46,82.9064669130435,273.977604641546,47,110.928286957447,277.23394519519,NA,NA,NA
"341",341,0,46,46,85.8286731304348,235.19812698744,55,90.5163216181818,278.950592797306,NA,NA,NA
"342",342,0,46,46,82.1183568478261,262.427956763285,45,98.9635233111111,264.800701242424,NA,NA,NA
"343",343,0,46,46,79.2621405869565,239.789723072464,40,74.90975485,256.935455803846,NA,NA,NA
"344",344,0,46,46,60.9064277391304,286.741274300483,39,90.9550593076923,286.816050604588,NA,NA,NA
"345",345,0,46,46,72.0798773913044,239.761675231884,48,86.880715125,266.62678218883,NA,NA,NA
"346",346,0,46,46,81.3074371304348,242.061172361353,38,109.245287815789,324.345660691323,NA,NA,NA
"347",347,0,46,46,83.3522973043478,268.692650699517,43,75.5132615813953,231.126508524917,NA,NA,NA
"348",348,0,46,46,82.0000750434783,259.928316140097,36,79.1870068611111,225.605022498413,NA,NA,NA
"349",349,0,46,46,83.1192164565217,230.722914062802,51,95.3437856862745,248.290414905098,NA,NA,NA
"350",350,0,46,46,83.2174821086956,274.587104792271,49,89.0396081020408,299.834367846939,NA,NA,NA
"351",351,0,46,46,101.493104695652,277.44540558744,41,83.5719104390244,233.021670319512,NA,NA,NA
"352",352,0,46,46,98.0915751304348,263.562930472464,44,93.9725887954545,261.986476103594,NA,NA,NA
"353",353,0,46,46,82.3919385434783,236.843561995169,42,122.018744285714,262.061281155633,NA,NA,NA
"354",354,0,46,46,107.608317934783,259.10467681256,41,92.232751804878,247.612455731707,NA,NA,NA
"355",355,0,46,46,65.487720173913,232.526995849275,35,122.277700857143,298.982359707563,NA,NA,NA
"356",356,0,46,46,84.5606069347826,238.632189817391,52,103.697804096154,248.376422097285,NA,NA,NA
"357",357,0,46,46,77.5634270652174,230.906795797101,41,102.329198170732,271.313648487805,NA,NA,NA
"358",358,0,46,46,94.9797527391304,258.245109048309,45,83.9930743111111,287.362390038384,NA,NA,NA
"359",359,0,46,46,90.926125173913,232.558366951691,47,75.8725578297872,280.822892891767,NA,NA,NA
"360",360,0,46,46,80.9319818695652,231.638008537198,55,83.6613299454545,256.711539367003,NA,NA,NA
"361",361,0,46,46,86.5882418695652,258.862208608696,43,100.418954953488,247.719308026578,NA,NA,NA
"362",362,0,46,46,69.6343247173913,277.703251488889,47,96.1986625957447,273.855322142461,NA,NA,NA
"363",363,0,46,46,100.665576478261,310.240719258937,48,82.7331564375,300.099869534574,NA,NA,NA
"364",364,0,46,46,107.060749478261,244.47811942029,46,103.116358478261,276.038500805797,NA,NA,NA
"365",365,0,46,46,99.8913270217391,285.603036797101,48,90.7610789583333,255.091646866135,NA,NA,NA
"366",366,0,46,46,84.9342604782609,281.01104362029,51,79.7350105294118,267.659509049412,NA,NA,NA
"367",367,0,46,46,72.7009404782609,249.727704328502,55,72.9740476545455,247.843853500337,NA,NA,NA
"368",368,0,46,46,76.7727438695652,220.148484006763,46,75.0034206521739,218.704680918841,NA,NA,NA
"369",369,0,46,46,83.9356311086956,276.047552018357,41,97.7188565853659,263.941496570732,NA,NA,NA
"370",370,0,46,46,91.6225621521739,264.39198936715,34,82.7812201176471,328.746235862745,NA,NA,NA
"371",371,0,46,46,101.638160543478,256.082549415459,45,98.9507626222222,261.5652842,NA,NA,NA
"372",372,0,46,46,87.8602293695652,268.905702963285,39,107.872503025641,286.531661824561,NA,NA,NA
"373",373,0,46,46,86.951980673913,283.814329592271,37,99.3991015135135,259.322606870871,NA,NA,NA
"374",374,0,46,46,97.3064073695652,266.485741705314,50,87.98510742,248.49725856,NA,NA,NA
"375",375,0,46,46,78.3537960869565,276.270986029952,42,98.0641984523809,259.385743715447,NA,NA,NA
"376",376,0,46,46,94.7075753913043,260.421609109179,49,84.7478784693878,262.043628362245,NA,NA,NA
"377",377,0,46,46,104.218459369565,265.702033196135,43,80.1402240930232,245.759487071982,NA,NA,NA
"378",378,0,46,46,83.3161260869565,251.056989305314,35,90.512256,241.157213707563,NA,NA,NA
"379",379,0,46,46,86.5604735217391,251.485138133333,47,92.5811834255319,265.524830608696,NA,NA,NA
"380",380,0,46,46,82.9827505869565,246.755269451208,47,72.627094787234,220.629005254394,NA,NA,NA
"381",381,0,46,46,77.7636733913044,275.324691527536,52,68.2357371538462,260.024321005279,NA,NA,NA
"382",382,0,46,46,80.0605650652174,263.377758942995,54,72.8502165740741,277.219022665269,NA,NA,NA
"383",383,0,46,46,88.2896036304348,256.186584189372,42,106.87252352381,303.887672509872,NA,NA,NA
"384",384,0,46,46,86.182832673913,251.354322914976,38,99.0636745789474,268.694992605974,NA,NA,NA
"385",385,0,46,46,76.9086706521739,261.567094172947,46,89.7526569347826,254.16248841256,NA,NA,NA
"386",386,0,46,46,82.6140122173913,290.326204760386,42,88.0508421190476,244.991610962834,NA,NA,NA
"387",387,0,46,46,116.106887565217,278.048655770048,39,102.635678769231,276.817468693657,NA,NA,NA
"388",388,0,46,46,94.8971530652174,287.694244994203,51,84.1629284901961,253.093604851765,NA,NA,NA
"389",389,0,46,46,86.4473616521739,296.3542871343,45,74.2987379111111,257.661657606061,NA,NA,NA
"390",390,0,46,46,100.738547195652,250.016706951691,49,100.054344897959,276.215357906463,NA,NA,NA
"391",391,0,46,46,99.5850161086957,248.93695537971,41,80.208023902439,245.002469870732,NA,NA,NA
"392",392,0,46,46,75.1098262391304,272.035121720773,44,60.1199699318182,272.309595546512,NA,NA,NA
"393",393,0,46,46,98.6307711521739,296.34746322029,44,93.9684483409091,248.147957315011,NA,NA,NA
"394",394,0,46,46,81.0057384782609,288.530459235749,44,74.4110245909091,272.996211659619,NA,NA,NA
"395",395,0,46,46,84.3227996956522,223.14945902029,58,78.4773360689655,289.20613185118,NA,NA,NA
"396",396,0,46,46,90.6492310869565,277.308143866667,49,77.2247098571429,258.952466454082,NA,NA,NA
"397",397,0,46,46,79.4857808043478,268.121823208696,45,91.4424464444444,277.906436816162,NA,NA,NA
"398",398,0,46,46,83.8711196086957,277.18618990628,43,100.51648744186,258.740175351052,NA,NA,NA
"399",399,0,46,46,94.2483739565217,270.59186692657,47,95.4119067446808,246.731744442183,NA,NA,NA
"400",400,0,46,46,82.8190985217391,244.767167222222,53,78.026570245283,266.825672226415,NA,NA,NA
"401",401,0,46,46,88.7704080217391,276.397560664734,47,86.0729092340426,256.532028114709,NA,NA,NA
"402",402,0,46,46,83.6979543478261,242.786512374879,41,90.9449213414634,256.316990673171,NA,NA,NA
"403",403,0,46,46,98.1687827826087,272.301904618357,46,72.3169383478261,268.607063631884,NA,NA,NA
"404",404,0,46,46,67.1743136086957,234.851096956522,56,64.5727618928571,234.136089116234,NA,NA,NA
"405",405,0,46,46,95.9523539130435,261.426541737198,46,90.9313783478261,249.473282937198,NA,NA,NA
"406",406,0,46,46,81.6299591739131,262.086983283092,51,102.774081980392,252.508919587451,NA,NA,NA
"407",407,0,46,46,106.609872847826,311.671221337198,46,78.7766038913043,239.994118344928,NA,NA,NA
"408",408,0,46,46,93.7822982173913,256.273603925604,40,93.830788425,283.663657441026,NA,NA,NA
"409",409,0,46,46,73.9614701304348,263.461100454106,36,96.77168275,285.869766130159,NA,NA,NA
"410",410,0,46,46,82.2701459130435,235.377279303382,46,97.088533673913,263.185949859903,NA,NA,NA
"411",411,0,46,46,85.9617731304348,274.47123708599,42,99.3387007142857,282.841858780488,NA,NA,NA
"412",412,0,46,46,104.955244108696,266.269193676328,32,122.60121596875,302.005854550403,NA,NA,NA
"413",413,0,46,46,79.8047477391304,268.53969181256,51,75.8051216470588,278.497335786667,NA,NA,NA
"414",414,0,46,46,80.7889937391304,231.271653803865,46,83.1119537608696,281.536308762319,NA,NA,NA
"415",415,0,46,46,72.3271603043478,280.234193098551,51,76.408955627451,254.361368313725,NA,NA,NA
"416",416,0,46,46,79.2155579565217,269.230411971981,51,80.7770990980392,267.829736583529,NA,NA,NA
"417",417,0,46,46,93.0512516956522,290.343942080193,41,84.698951097561,278.698830682927,NA,NA,NA
"418",418,0,46,46,95.1056054565217,265.10611006087,49,82.1807134693878,282.636919863946,NA,NA,NA
"419",419,0,46,46,95.6915728913043,266.330929770048,46,77.3802444347826,244.233344647343,NA,NA,NA
"420",420,0,46,46,85.8316925217391,243.045232169082,42,108.19657152381,259.246586946574,NA,NA,NA
"421",421,0,46,46,84.644326326087,235.288327259903,42,82.0353144523809,243.591767662021,NA,NA,NA
"422",422,0,46,46,86.6872310217391,304.861582172947,44,85.7281823409091,231.92971582981,NA,NA,NA
"423",423,0,46,46,77.9548595,250.288367756522,39,93.7754663333333,249.466303678812,NA,NA,NA
"424",424,0,46,46,100.242212695652,267.019952050242,47,86.502055787234,240.770314007401,NA,NA,NA
"425",425,0,46,46,71.2168885,255.32705163285,51,64.0340978039216,290.400009681569,NA,NA,NA
"426",426,0,46,46,86.2829051304348,249.626882059903,50,71.6182313,265.656539994286,NA,NA,NA
"427",427,0,46,46,99.1079408478261,238.846298984541,45,76.0478468444444,265.632439963636,NA,NA,NA
"428",428,0,46,46,90.5436021956522,226.661657835749,56,85.6619640178571,266.394899582468,NA,NA,NA
"429",429,0,46,46,90.5273352391304,293.353554898551,55,82.0725277090909,295.49611063165,NA,NA,NA
"430",430,0,46,46,76.1769996304348,229.533111742995,47,72.6832061702128,219.150175948196,NA,NA,NA
"431",431,0,46,46,97.9195857173913,248.048268276328,49,73.3441339183673,224.06184262415,NA,NA,NA
"432",432,0,46,46,77.4626230869565,281.256604942995,46,88.093760673913,254.888635308213,NA,NA,NA
"433",433,0,46,46,80.0528848695652,243.278084102415,60,60.05603585,253.099564758192,NA,NA,NA
"434",434,0,46,46,83.0870939347826,296.15175704058,44,95.4731384318182,266.589795615222,NA,NA,NA
"435",435,0,46,46,70.202464673913,245.73858347343,41,83.1692571951219,286.281643160976,NA,NA,NA
"436",436,0,46,46,99.8547282826087,258.280232344928,50,74.24174322,265.574324227755,NA,NA,NA
"437",437,0,46,46,88.3553633913044,289.973534834783,42,83.3605869285714,253.138786883856,NA,NA,NA
"438",438,0,46,46,89.1072244565217,241.068920213527,50,116.7551528,262.858859602449,NA,NA,NA
"439",439,0,46,46,79.5397405869565,248.191470985507,39,108.188142948718,290.227937500675,NA,NA,NA
"440",440,0,46,46,68.6563959782609,235.959809872464,44,106.389602886364,246.710387676533,NA,NA,NA
"441",441,0,46,46,92.3685544565217,302.415869199034,42,89.0196256904762,248.705182770035,NA,NA,NA
"442",442,0,46,46,79.5047489347826,242.96529328599,48,101.817459916667,315.62416247961,NA,NA,NA
"443",443,0,46,46,72.5237993478261,268.916116267633,50,97.07100778,262.137919187755,NA,NA,NA
"444",444,0,46,46,95.351656,258.086320990338,54,71.6625987037037,229.46778673515,NA,NA,NA
"445",445,0,46,46,59.9189384565217,274.122535378744,57,80.5329841929825,271.598318572682,NA,NA,NA
"446",446,0,46,46,97.6291560434783,272.481647340097,44,92.2136440681818,295.689183567653,NA,NA,NA
"447",447,0,46,46,66.5289900652174,276.660902829952,49,68.8602565102041,242.432870059524,NA,NA,NA
"448",448,0,46,46,105.512426586957,275.009230657971,53,95.8148000377358,257.841544423803,NA,NA,NA
"449",449,0,46,46,54.2778203913043,245.764912942995,44,91.7903489318182,251.446261864693,NA,NA,NA
"450",450,0,46,46,88.6390364130435,286.321161932367,40,99.1417898,272.732369562821,NA,NA,NA
"451",451,0,46,46,92.2931792391304,272.092428928502,39,112.051285512821,270.388105848853,NA,NA,NA
"452",452,0,46,46,86.5297716956522,230.853978257005,41,100.836674390244,269.273609609756,NA,NA,NA
"453",453,0,46,46,88.7038358695652,322.880237592271,45,95.9085786444444,254.025969246465,NA,NA,NA
"454",454,0,46,46,89.9817322391304,251.815050008696,41,104.954528390244,254.003192478049,NA,NA,NA
"455",455,0,46,46,96.0100949347826,258.289147299517,42,95.199769047619,240.002673367015,NA,NA,NA
"456",456,0,46,46,73.2998088478261,234.3271347343,42,98.853939,260.043507623693,NA,NA,NA
"457",457,0,46,46,91.7206573043478,257.253863983575,42,70.4951588333333,271.992971355401,NA,NA,NA
"458",458,0,46,46,108.49789976087,258.466882692754,63,83.6185165714286,271.032155614951,NA,NA,NA
"459",459,0,46,46,94.544973326087,266.233564355556,52,73.0088547307692,278.482350486425,NA,NA,NA
"460",460,0,46,46,104.510276804348,253.499673129469,52,48.7147429423077,215.522339715686,NA,NA,NA
"461",461,0,46,46,104.945478413043,262.614987268599,44,89.4812989090909,288.515302825581,NA,NA,NA
"462",462,0,46,46,88.5226516521739,280.835356985507,43,102.161372186047,254.637217069767,NA,NA,NA
"463",463,0,46,46,90.7704568478261,258.464167373913,39,111.837742487179,270.663290561404,NA,NA,NA
"464",464,0,46,46,69.4963576086956,242.249677000966,44,103.361301136364,268.222481285412,NA,NA,NA
"465",465,0,46,46,91.234672326087,237.35091789372,50,85.59517812,247.290161172245,NA,NA,NA
"466",466,0,46,46,86.8743929565217,270.242141956522,43,79.7848334418605,276.450449335548,NA,NA,NA
"467",467,0,46,46,69.2339879782609,227.42933778744,53,75.4469165660377,248.954728698113,NA,NA,NA
"468",468,0,46,46,81.700727173913,241.571865777778,42,82.7626436666667,226.912821094077,NA,NA,NA
"469",469,0,46,46,99.2126086956522,267.943764890821,43,104.892717395349,263.292825818383,NA,NA,NA
"470",470,0,46,46,94.1544229565217,298.739306769082,54,81.7039597222222,242.672174494759,NA,NA,NA
"471",471,0,46,46,95.8779997608696,275.829407802899,47,95.4267580638298,268.227083478261,NA,NA,NA
"472",472,0,46,46,59.6224111304348,227.192604173913,47,99.5005673617021,283.794331121184,NA,NA,NA
"473",473,0,46,46,100.773374717391,256.178490703382,39,89.7089331794872,272.895985878542,NA,NA,NA
"474",474,0,46,46,87.6757211521739,275.105819674396,40,106.02893375,247.144250511538,NA,NA,NA
"475",475,0,46,46,94.7458156521739,262.500501181643,39,88.0325467948718,247.984259395412,NA,NA,NA
"476",476,0,46,46,92.205112673913,274.250194814493,35,95.3011012285714,246.835582252101,NA,NA,NA
"477",477,0,46,46,84.2202428043478,236.869780070531,40,89.079466625,266.456784383333,NA,NA,NA
"478",478,0,46,46,113.080423434783,279.215375189372,57,76.3420821754386,263.521742528822,NA,NA,NA
"479",479,0,46,46,65.0191333695652,223.863763831884,34,84.7777048529412,251.189706622103,NA,NA,NA
"480",480,0,46,46,87.227104,269.588840039614,47,90.5979985744681,228.614484608696,NA,NA,NA
"481",481,0,46,46,85.3591511521739,270.455749354589,39,79.6489346153846,243.533298385965,NA,NA,NA
"482",482,0,46,46,96.6349113043478,262.935128846377,44,74.0975667727273,210.384626391121,NA,NA,NA
"483",483,0,46,46,83.3902961956522,241.330271149758,44,91.7051868636364,263.622119266385,NA,NA,NA
"484",484,0,46,46,97.9085681086956,302.846510641546,51,77.869838372549,295.835141727059,NA,NA,NA
"485",485,0,46,46,74.8732105652174,274.336548859903,46,109.719159456522,267.715497025121,NA,NA,NA
"486",486,0,46,46,69.093387826087,284.76288117971,41,98.1004586585366,271.928252129268,NA,NA,NA
"487",487,0,46,46,93.6435227173913,234.168936417391,49,94.1411379183673,265.890177710884,NA,NA,NA
"488",488,0,46,46,107.492014065217,274.588902950725,47,82.1505772340426,285.816138547641,NA,NA,NA
"489",489,0,46,46,86.3645979565217,277.697503148792,42,62.7251823571429,264.857845042973,NA,NA,NA
"490",490,0,46,46,91.6565853478261,290.156592206763,44,99.4275671136364,262.828743468288,NA,NA,NA
"491",491,0,46,46,64.785071173913,231.987831657005,28,111.97498425,227.953551190476,NA,NA,NA
"492",492,0,46,46,87.8390333913043,241.085920099517,44,93.0131371136364,264.712977048626,NA,NA,NA
"493",493,0,46,46,70.140818326087,283.52158245314,53,86.3612388679245,264.690736714078,NA,NA,NA
"494",494,0,46,46,89.6113283478261,258.603259533333,41,82.7557721951219,274.962415946341,NA,NA,NA
"495",495,0,46,46,73.691773173913,252.705677092754,44,95.0469687045455,288.588260164905,NA,NA,NA
"496",496,0,46,46,92.3091930652174,273.5982483343,50,107.59677692,250.188515181224,NA,NA,NA
"497",497,0,46,46,96.4050385217391,250.247898490821,49,66.5079509795918,216.547996159864,NA,NA,NA
"498",498,0,46,46,105.219775826087,268.071436505314,50,83.86251554,287.921083046531,NA,NA,NA
"499",499,0,46,46,78.2377091304348,254.238577920773,53,105.719410169811,262.387965767779,NA,NA,NA
"500",500,0,46,46,97.6697466956522,253.415127244444,41,94.0106880731707,295.034373285366,NA,NA,NA
"501",1,1,46,46,99.6356693695652,244.015079439614,59,90.6358781864407,260.239554421975,NA,NA,NA
"502",2,1,46,46,78.1010434347826,263.740364388406,39,101.20082825641,259.946252129555,NA,NA,NA
"503",3,1,46,46,81.6985727826087,236.931827564251,41,86.7905052682927,299.136160782927,NA,NA,NA
"504",4,1,46,46,88.0078013043478,237.575183938164,44,75.9570930909091,235.381835262156,NA,NA,NA
"505",5,1,46,46,102.109936369565,262.710895008696,47,88.5778145106383,287.175565877891,NA,NA,NA
"506",6,1,46,46,80.0222033043478,247.166588221256,49,87.9212590408163,255.175794877551,NA,NA,NA
"507",7,1,46,46,103.150274826087,263.985185500483,59,90.609749440678,265.049490351841,NA,NA,NA
"508",8,1,46,46,62.4028066304348,233.923506816425,43,79.4952058372093,222.273304312292,NA,NA,NA
"509",9,1,46,46,101.3550125,267.149495501449,42,83.3070805238095,305.827452141696,NA,NA,NA
"510",10,1,46,46,85.3942730869565,264.913555776812,40,84.851628875,241.381164230769,NA,NA,NA
"511",11,1,46,46,86.0614745652174,272.331413737198,56,76.3090359285714,252.328915975974,NA,NA,NA
"512",12,1,46,46,83.7281451086957,283.354236928502,43,75.7798694883721,227.871748276855,NA,NA,NA
"513",13,1,46,46,97.3401549130435,298.718013657971,44,82.0455678636364,233.388211276956,NA,NA,NA
"514",14,1,46,46,54.0316030869565,266.679421213527,51,84.3280047647059,286.074782486275,NA,NA,NA
"515",15,1,46,46,87.114933173913,252.541799645411,50,108.46724218,251.713060556735,NA,NA,NA
"516",16,1,46,46,68.2688935,254.396511269565,45,77.5913804,254.635815153535,NA,NA,NA
"517",17,1,46,46,92.3095532826087,248.290666842512,40,100.888530375,245.881799428205,NA,NA,NA
"518",18,1,46,46,94.2069173478261,249.803331790338,37,88.4945278108108,276.687139573574,NA,NA,NA
"519",19,1,46,46,86.8954584782609,264.957580637681,41,123.92445895122,297.023124987805,NA,NA,NA
"520",20,1,46,46,88.320128,265.59118082029,52,66.2074182884615,248.692888745852,NA,NA,NA
"521",21,1,46,46,74.6359995,273.03952523285,55,95.5794719090909,269.089013381818,NA,NA,NA
"522",22,1,46,46,75.5334704565217,272.564780966184,45,90.0149608888889,262.658864686869,NA,NA,NA
"523",23,1,46,46,92.3842581521739,278.628572457971,40,85.033338125,300.897171519231,NA,NA,NA
"524",24,1,46,46,88.8086863695652,250.933510564251,44,104.727317454545,271.660578183932,NA,NA,NA
"525",25,1,46,46,88.7518596521739,265.696699119807,57,69.5771613333333,264.981759214286,NA,NA,NA
"526",26,1,46,46,112.029292,271.525162555556,44,69.1715958181818,264.743391731501,NA,NA,NA
"527",27,1,46,46,74.7922185217391,244.257200515942,46,99.2354033913043,290.50930850628,NA,NA,NA
"528",28,1,46,46,82.2550302391304,233.468282777778,43,96.4861845116279,281.52252151495,NA,NA,NA
"529",29,1,46,46,79.9295532608696,266.053419614493,44,94.6801325681818,259.038142475687,NA,NA,NA
"530",30,1,46,46,80.7263900869565,236.114762331401,44,82.1274987954545,275.722172980973,NA,NA,NA
"531",31,1,46,46,87.2466526304348,252.398006918841,48,73.6904393541667,251.161269715426,NA,NA,NA
"532",32,1,46,46,79.3539588913043,247.551833844444,50,74.28957688,281.902826197551,NA,NA,NA
"533",33,1,46,46,97.637808673913,270.826654680193,41,102.12239702439,261.58811404878,NA,NA,NA
"534",34,1,46,46,90.8393488913043,266.967654295652,43,95.2546878837209,271.409013333333,NA,NA,NA
"535",35,1,46,46,76.098074326087,287.716298197101,39,114.830002333333,300.002990569501,NA,NA,NA
"536",36,1,46,46,93.2593523478261,239.433399380676,46,84.3974714130435,256.680625026087,NA,NA,NA
"537",37,1,46,46,93.2883664782609,246.360914323671,55,70.5041972,266.960875718519,NA,NA,NA
"538",38,1,46,46,86.3753226086957,276.344292593237,43,98.6180450930233,309.073970172757,NA,NA,NA
"539",39,1,46,46,100.855324891304,287.100057125604,32,89.2759985,247.958129,NA,NA,NA
"540",40,1,46,46,91.1700875434783,287.820259329469,44,90.1428285227273,243.143230410148,NA,NA,NA
"541",41,1,46,46,88.765556,243.248534607729,45,83.9308261555556,238.818630628283,NA,NA,NA
"542",42,1,46,46,99.9980404347826,294.296732475362,44,103.607382,286.114887364693,NA,NA,NA
"543",43,1,46,46,84.1652264347826,258.94988793913,52,86.6104185192308,269.188872279035,NA,NA,NA
"544",44,1,46,46,95.7785070217391,260.664622262802,52,77.2189861538462,275.124381160634,NA,NA,NA
"545",45,1,46,46,108.427158478261,278.660350423188,45,85.5067951777778,244.999081076768,NA,NA,NA
"546",46,1,46,46,91.5356088043478,274.364727057971,51,78.9108561568627,259.573199206275,NA,NA,NA
"547",47,1,46,46,82.9664431086956,233.707773284058,33,95.1555024242424,236.462582806818,NA,NA,NA
"548",48,1,46,46,86.6652130869565,294.054261305314,45,96.8942622666667,247.395817743434,NA,NA,NA
"549",49,1,46,46,82.3564251521739,238.708258492754,56,76.9707354285714,241.165121569481,NA,NA,NA
"550",50,1,46,46,72.8574150434783,220.94325056715,44,75.8830847727273,224.421642689218,NA,NA,NA
"551",51,1,46,46,80.6328875217391,240.5287901343,51,80.5139910196078,260.440080221176,NA,NA,NA
"552",52,1,46,46,109.11194076087,275.01820567343,51,87.182818,253.47070984,NA,NA,NA
"553",53,1,46,46,67.8470867173913,292.522675765217,38,107.216783684211,284.953881776671,NA,NA,NA
"554",54,1,46,46,80.0977668043478,241.73250946087,62,61.5186927903226,259.96550381174,NA,NA,NA
"555",55,1,46,46,111.463618717391,280.362457153623,38,119.954442315789,274.570092679943,NA,NA,NA
"556",56,1,46,46,99.5067948695652,249.147238342995,50,92.96330482,279.98400735102,NA,NA,NA
"557",57,1,46,46,77.2904186956522,241.814963826087,45,108.148632733333,285.276678272727,NA,NA,NA
"558",58,1,46,46,67.2928320434783,227.947907683092,43,85.9366335581395,267.528934693245,NA,NA,NA
"559",59,1,46,46,92.0333970869565,287.267021009662,47,93.3301915744681,265.468550031452,NA,NA,NA
"560",60,1,46,46,61.0442321521739,271.469697307246,51,76.882512372549,232.526005248627,NA,NA,NA
"561",61,1,46,46,87.248764673913,272.695473480193,45,90.5563595111111,248.514796042424,NA,NA,NA
"562",62,1,46,46,92.7152731521739,258.108543705314,48,99.9506872083333,280.33708968883,NA,NA,NA
"563",63,1,46,46,93.4180438478261,270.088791395169,51,95.7891900588235,247.363732831373,NA,NA,NA
"564",64,1,46,46,70.5965575869565,221.095378649275,40,94.874380425,265.704238008974,NA,NA,NA
"565",65,1,46,46,92.6167757173913,254.523624675362,59,66.8899424067797,232.236159834015,NA,NA,NA
"566",66,1,46,46,109.015009108696,255.634842885024,47,96.1411395106383,272.69281199445,NA,NA,NA
"567",67,1,46,46,82.0624920652174,227.016930916908,54,88.3604181296296,257.975479835779,NA,NA,NA
"568",68,1,46,46,92.9355556956522,267.172571195169,41,94.5146047317073,262.692495341463,NA,NA,NA
"569",69,1,46,46,90.0257214782609,283.671281310145,48,97.6792984375,247.949087086879,NA,NA,NA
"570",70,1,46,46,85.2558729130435,254.268130211594,46,75.678517326087,257.076349802899,NA,NA,NA
"571",71,1,46,46,87.9212996956522,268.524721105314,48,98.5602779166667,276.904643969858,NA,NA,NA
"572",72,1,46,46,84.2144347608696,241.751258114976,38,87.9104586315789,218.014537330014,NA,NA,NA
"573",73,1,46,46,87.0961768478261,277.75920086087,45,108.313606111111,267.650195327273,NA,NA,NA
"574",74,1,46,46,87.8824050434783,254.417743209662,41,99.4280886341463,257.11753347561,NA,NA,NA
"575",75,1,46,46,72.3329051304348,227.998338205797,47,96.4539578297872,295.346149110083,NA,NA,NA
"576",76,1,46,46,93.8787298478261,266.607840438647,52,85.43843475,265.400848667421,NA,NA,NA
"577",77,1,46,46,87.1767539565217,276.4774554657,38,97.5326491052632,254.858752109531,NA,NA,NA
"578",78,1,46,46,66.6909880652174,285.471778413527,41,98.3013917804878,272.969861114634,NA,NA,NA
"579",79,1,46,46,95.7088039565217,270.126477193237,45,94.0288494666667,274.399283771717,NA,NA,NA
"580",80,1,46,46,76.4982179347826,286.293474396135,50,77.71627848,224.179684773878,NA,NA,NA
"581",81,1,46,46,87.2928991086957,306.489945591304,41,76.4584338780488,263.81286607561,NA,NA,NA
"582",82,1,46,46,80.8401327391304,231.715270997101,50,87.90210684,278.515661121633,NA,NA,NA
"583",83,1,46,46,84.3065059347826,252.668044361353,45,89.1389862222222,267.93080960404,NA,NA,NA
"584",84,1,46,46,91.0563492826087,280.186827504348,45,94.5214706444444,263.10733460202,NA,NA,NA
"585",85,1,46,46,84.1377949130435,245.632788664734,51,78.6179739607843,233.090255761569,NA,NA,NA
"586",86,1,46,46,93.1647526304348,238.757223357488,44,106.921001318182,255.107536274841,NA,NA,NA
"587",87,1,46,46,87.6356413913043,291.623763430918,44,83.5140216590909,259.121853963002,NA,NA,NA
"588",88,1,46,46,75.4042565217391,240.908887009662,47,88.6700089787234,257.920607161887,NA,NA,NA
"589",89,1,46,46,90.1825796521739,277.461843829952,55,90.5034038727273,252.037412915825,NA,NA,NA
"590",90,1,46,46,100.106425043478,258.859799224155,38,70.9975245263158,207.227032076814,NA,NA,NA
"591",91,1,46,46,76.3795765652174,260.233026815459,42,72.1427923809524,239.882122614402,NA,NA,NA
"592",92,1,46,46,80.4702362608696,257.661648171981,45,102.729006311111,292.389715137374,NA,NA,NA
"593",93,1,46,46,74.175181673913,223.092520190338,54,85.2937461481481,261.098329010482,NA,NA,NA
"594",94,1,46,46,88.3462201304348,240.810722586473,51,95.8397150784314,269.196150497255,NA,NA,NA
"595",95,1,46,46,95.9737765217391,259.35734701256,55,68.3852541454545,262.766496382492,NA,NA,NA
"596",96,1,46,46,91.6439966304348,272.844280393237,47,68.817815,268.770145903793,NA,NA,NA
"597",97,1,46,46,96.2587395217391,250.174575575845,48,100.995941354167,269.492694320035,NA,NA,NA
"598",98,1,46,46,86.0125050652174,298.117410807729,52,94.4243878269231,275.903016812971,NA,NA,NA
"599",99,1,46,46,99.5911867826087,261.432654076329,42,88.135613,237.925301465738,NA,NA,NA
"600",100,1,46,46,69.6591508913043,246.861994279227,36,98.8429543888889,265.130791171429,NA,NA,NA
"601",101,1,46,46,99.1699147608696,274.429065433816,52,91.8976346923077,275.149993831071,NA,NA,NA
"602",102,1,46,46,110.9330805,302.083459667633,42,77.7136080714286,266.73252880604,NA,NA,NA
"603",103,1,46,46,81.8717027391304,236.474956718841,43,74.5170116744186,274.808411601329,NA,NA,NA
"604",104,1,46,46,80.4443824347826,247.273553754589,45,86.5101382666667,269.123902226263,NA,NA,NA
"605",105,1,46,46,87.9253530217391,262.669395514976,41,100.187466560976,241.576943168293,NA,NA,NA
"606",106,1,46,46,90.5320187826087,260.302577316908,47,91.9230987021277,241.856766149861,NA,NA,NA
"607",107,1,46,46,85.6060313043478,277.384069737198,46,99.2497781956522,270.806312228019,NA,NA,NA
"608",108,1,46,46,93.4434065434783,248.919587340097,54,75.942092537037,235.81486694689,NA,NA,NA
"609",109,1,46,46,82.078771326087,230.845801768116,48,76.7859166875,302.016145799645,NA,NA,NA
"610",110,1,46,46,83.2867957173913,261.737398264734,59,75.2314052711864,289.588111866745,NA,NA,NA
"611",111,1,46,46,80.8465550434783,277.464380795169,44,89.7090663409091,261.78590532981,NA,NA,NA
"612",112,1,46,46,77.5140494347826,222.755946221256,47,88.7182374680851,264.758259992599,NA,NA,NA
"613",113,1,46,46,96.3011194347826,263.012503185507,42,92.1805931666667,241.302042675958,NA,NA,NA
"614",114,1,46,46,71.4593295217391,287.628086090821,52,86.5588833846154,257.772397904223,NA,NA,NA
"615",115,1,46,46,68.0741496086956,233.24899513913,43,93.4875989534884,262.055807674419,NA,NA,NA
"616",116,1,46,46,84.9820412391304,263.371370641546,53,70.437596245283,292.997086174165,NA,NA,NA
"617",117,1,46,46,102.081426891304,283.856373882126,44,80.0987493636364,234.170208038055,NA,NA,NA
"618",118,1,46,46,92.9570992608696,293.398969518841,46,89.5746713043478,281.993353568116,NA,NA,NA
"619",119,1,46,46,87.4598099782609,282.311680011594,48,97.6855527291667,284.222532295213,NA,NA,NA
"620",120,1,46,46,99.9143369130435,252.460393311111,45,88.6805412444444,223.004228062626,NA,NA,NA
"621",121,1,46,46,85.3750100434783,265.259214769082,48,72.1813387291667,237.35844256117,NA,NA,NA
"622",122,1,46,46,87.1764900652174,277.982973345894,44,113.417375409091,296.534743514799,NA,NA,NA
"623",123,1,46,46,58.252856826087,261.206712799034,42,96.0823862142857,249.971653034843,NA,NA,NA
"624",124,1,46,46,90.7005892391304,250.32783755942,59,66.3914703050847,251.941095298656,NA,NA,NA
"625",125,1,46,46,99.678672826087,279.078578486957,56,74.7598729821429,235.447138998052,NA,NA,NA
"626",126,1,46,46,78.996522173913,272.973827252174,54,88.1036832037037,253.751634043326,NA,NA,NA
"627",127,1,46,46,106.885103804348,288.407439057971,42,87.6928824761905,266.321909665505,NA,NA,NA
"628",128,1,46,46,83.9452147608696,239.32028596715,49,89.0352566734694,262.245181020408,NA,NA,NA
"629",129,1,46,46,92.6713097173913,275.664255280193,45,89.51412,257.789596860606,NA,NA,NA
"630",130,1,46,46,97.9636344130435,261.965976476328,39,114.034322666667,277.246686318489,NA,NA,NA
"631",131,1,46,46,89.9899383478261,249.895611011594,42,105.493267904762,286.952319156794,NA,NA,NA
"632",132,1,46,46,86.7898071956522,274.691274778744,48,81.5726719375,302.195850606383,NA,NA,NA
"633",133,1,46,46,70.0510190217391,232.538337912077,45,96.5251856,297.684787567677,NA,NA,NA
"634",134,1,46,46,99.6252317826087,275.768537112077,48,102.5695074375,261.254124143617,NA,NA,NA
"635",135,1,46,46,96.0007464565217,272.951775732367,47,66.3833951489362,217.055638370028,NA,NA,NA
"636",136,1,46,46,92.3513826086957,235.787625971981,48,107.873332625,253.17897308156,NA,NA,NA
"637",137,1,46,46,79.3805384782609,282.404285028985,47,100.11595687234,274.44242200185,NA,NA,NA
"638",138,1,46,46,98.0371761521739,252.765120084058,45,108.451231955556,274.995644642424,NA,NA,NA
"639",139,1,46,46,86.1541982826087,298.657046768116,45,82.0326001555556,255.562160282828,NA,NA,NA
"640",140,1,46,46,96.6196751304348,262.176551236715,46,108.804552304348,266.929423519807,NA,NA,NA
"641",141,1,46,46,126.064921021739,290.16629665314,50,93.57003744,257.160069013061,NA,NA,NA
"642",142,1,46,46,77.4909978043478,259.453053933333,42,103.382060619048,268.8469010964,NA,NA,NA
"643",143,1,46,46,82.5241042826087,263.457978262802,53,75.9019246037736,252.594240878084,NA,NA,NA
"644",144,1,46,46,93.4797181304348,234.93044245314,53,82.6788989622642,229.747081838897,NA,NA,NA
"645",145,1,46,46,71.1960801086957,239.379943393237,39,93.0917342820513,271.026409724696,NA,NA,NA
"646",146,1,46,46,53.7700380434783,207.446915504348,45,105.046770444444,274.8546978,NA,NA,NA
"647",147,1,46,46,85.3330545434783,250.88554137971,44,88.4009942045455,276.123051448203,NA,NA,NA
"648",148,1,46,46,98.4810685434783,250.46703076715,43,86.5000532325581,258.397127430786,NA,NA,NA
"649",149,1,46,46,100.186226608696,288.455217450242,62,80.6964576774194,296.165583204125,NA,NA,NA
"650",150,1,46,46,93.9759688695652,252.369179570048,39,119.588912,281.807007128205,NA,NA,NA
"651",151,1,46,46,102.321136152174,260.410598207729,47,76.7160084468085,227.575861587419,NA,NA,NA
"652",152,1,46,46,77.9073656304348,282.479535971981,58,81.4440349827586,307.541482116152,NA,NA,NA
"653",153,1,46,46,89.936999826087,276.037306993237,45,89.147667,268.759930533333,NA,NA,NA
"654",154,1,46,46,71.9495497826087,229.154536709179,48,79.8508789791667,248.236694650709,NA,NA,NA
"655",155,1,46,46,74.0014926304348,291.563131181643,36,80.66133175,287.256121725397,NA,NA,NA
"656",156,1,46,46,88.8417083695652,283.776587657971,48,97.6631428125,307.13318349734,NA,NA,NA
"657",157,1,46,46,80.600072173913,275.946516672464,52,76.9714836346154,290.830357321267,NA,NA,NA
"658",158,1,46,46,93.0547808043478,292.342268913043,37,116.156521459459,264.937473447447,NA,NA,NA
"659",159,1,46,46,88.1803100217391,248.710966000966,39,84.0173356153846,245.039898564103,NA,NA,NA
"660",160,1,46,46,107.024053369565,270.467504186473,47,72.8314653191489,230.121111296947,NA,NA,NA
"661",161,1,46,46,104.979470913043,275.262524402899,49,72.0233637755102,287.626892778912,NA,NA,NA
"662",162,1,46,46,74.8061853478261,260.843281003865,47,76.7026385106383,256.662610901018,NA,NA,NA
"663",163,1,46,46,90.9958615217391,241.149710447343,50,51.09034144,235.226860376327,NA,NA,NA
"664",164,1,46,46,107.958259826087,271.776765594203,46,91.440622673913,317.750606495652,NA,NA,NA
"665",165,1,46,46,73.2201127608696,275.002880650242,49,74.4771775918367,274.412698188775,NA,NA,NA
"666",166,1,46,46,81.7412133478261,220.325414005797,50,82.43289958,230.927778169796,NA,NA,NA
"667",167,1,46,46,83.7940145434783,282.348114160387,45,112.543338,280.834934240404,NA,NA,NA
"668",168,1,46,46,97.0082843913043,302.337220648309,58,88.8621223275862,252.421943317604,NA,NA,NA
"669",169,1,46,46,90.2348290217391,253.743979476328,37,92.6645091891892,237.09778160961,NA,NA,NA
"670",170,1,46,46,95.2026067173913,261.348569282126,49,50.6248784693878,286.96921594898,NA,NA,NA
"671",171,1,46,46,87.7815256304348,258.957922034783,36,102.044720111111,254.326300315873,NA,NA,NA
"672",172,1,46,46,84.2344160869565,265.72072841256,46,87.9244420217391,281.969319950725,NA,NA,NA
"673",173,1,46,46,100.142325695652,285.501032802899,42,63.7678304285714,234.446368278746,NA,NA,NA
"674",174,1,46,46,89.0542732391304,276.260998338164,36,125.474567805556,289.925104568254,NA,NA,NA
"675",175,1,46,46,94.7114187391304,288.254018388406,36,110.997968416667,251.81598858254,NA,NA,NA
"676",176,1,46,46,94.5284814782609,243.351817322705,49,83.3698412857143,281.011261811224,NA,NA,NA
"677",177,1,46,46,83.7128284130435,246.72866043285,49,71.1537725510204,224.127713707483,NA,NA,NA
"678",178,1,46,46,92.7396197173913,275.558938215459,55,78.2575316545455,261.124068937374,NA,NA,NA
"679",179,1,46,46,83.9387685,264.234229503382,60,68.7048065,273.805520614124,NA,NA,NA
"680",180,1,46,46,77.9851077391304,270.374920396135,44,94.8203011363636,266.535386196617,NA,NA,NA
"681",181,1,46,46,100.422812608696,251.316686406763,42,76.6797272857143,299.033914148664,NA,NA,NA
"682",182,1,46,46,97.804676173913,271.493215417391,41,111.732987560976,295.294478519512,NA,NA,NA
"683",183,1,46,46,73.871519826087,232.616262257005,58,81.0524386206897,246.849601174229,NA,NA,NA
"684",184,1,46,46,80.4815533478261,243.689213953623,44,88.1837274772727,265.408266937632,NA,NA,NA
"685",185,1,46,46,104.037336978261,266.03032257971,44,84.9509448636364,219.129698121564,NA,NA,NA
"686",186,1,46,46,93.9320224782609,240.8030204,53,77.7812670188679,266.753076134978,NA,NA,NA
"687",187,1,46,46,86.4165431521739,257.877396938164,46,94.2331195869565,265.316485751691,NA,NA,NA
"688",188,1,46,46,76.8460172608696,257.465552333333,47,88.4206556595745,251.815602247919,NA,NA,NA
"689",189,1,46,46,90.9485396304348,258.6248751343,40,84.81618145,248.055066920513,NA,NA,NA
"690",190,1,46,46,76.2721760217391,244.169600628019,52,68.1939422307692,269.226768766214,NA,NA,NA
"691",191,1,46,46,84.3875212608696,257.102529258937,49,76.0857436734694,234.561604188776,NA,NA,NA
"692",192,1,46,46,54.2151192608696,249.931036165217,41,101.38789004878,277.748469678049,NA,NA,NA
"693",193,1,46,46,87.7873432826087,264.462438937198,39,120.338776307692,267.800723527665,NA,NA,NA
"694",194,1,46,46,90.7344302608696,265.250717242512,41,130.362560365854,272.930713534146,NA,NA,NA
"695",195,1,46,46,78.8425527826087,246.149657148792,49,89.4034804489796,255.077339683673,NA,NA,NA
"696",196,1,46,46,85.600352326087,285.726540225121,47,78.2659312765958,270.816428518039,NA,NA,NA
"697",197,1,46,46,82.1169737608696,276.176732051208,49,89.286601877551,265.986726590136,NA,NA,NA
"698",198,1,46,46,101.407912304348,277.575346500483,47,88.485752106383,256.120419631822,NA,NA,NA
"699",199,1,46,46,88.6281599130435,277.251097395169,44,77.3898748181818,290.278988005285,NA,NA,NA
"700",200,1,46,46,75.8629919565217,253.025508462802,40,113.587849625,267.420578602564,NA,NA,NA
"701",201,1,46,46,75.9807763043478,268.175858910145,37,78.3696000810811,288.643778732733,NA,NA,NA
"702",202,1,46,46,88.5880354130435,282.477980905314,44,76.5751658636364,250.136835453488,NA,NA,NA
"703",203,1,46,46,81.1276638043478,245.631038424155,45,112.422675911111,257.50504620202,NA,NA,NA
"704",204,1,46,46,112.597962826087,284.458306510145,46,74.9227227391304,253.873909046377,NA,NA,NA
"705",205,1,46,46,81.2519860652174,233.646571715942,54,66.0891594814815,254.869579563941,NA,NA,NA
"706",206,1,46,46,90.3449485652174,260.989168641546,48,72.10212825,280.643424201241,NA,NA,NA
"707",207,1,46,46,80.3059960434783,298.323148042512,37,90.9855719459459,264.281832558559,NA,NA,NA
"708",208,1,46,46,107.03106326087,278.797644636715,38,96.7250977631579,261.738443278805,NA,NA,NA
"709",209,1,46,46,61.8089707608696,237.87922311401,43,93.4241164186047,262.59244489258,NA,NA,NA
"710",210,1,46,46,68.9337714130435,285.104049529469,40,99.059888225,272.165921611538,NA,NA,NA
"711",211,1,46,46,74.5880645434783,244.800270057005,47,81.477120106383,238.359735620722,NA,NA,NA
"712",212,1,46,46,101.558426652174,252.28040281256,54,82.6236782962963,253.428791501747,NA,NA,NA
"713",213,1,46,46,99.8692703913043,265.584997581642,39,109.059641102564,246.569500377868,NA,NA,NA
"714",214,1,46,46,98.1280368695652,267.130165576812,50,80.37363748,256.330667622857,NA,NA,NA
"715",215,1,46,46,97.9113553478261,270.983880026087,51,80.6449237647059,272.792317229804,NA,NA,NA
"716",216,1,46,46,63.9063507608696,229.705116250242,47,83.4166725531915,286.285407293247,NA,NA,NA
"717",217,1,46,46,92.7076690869565,263.713707436715,49,82.2824646530612,301.273366510204,NA,NA,NA
"718",218,1,46,46,57.8967251304348,307.011568184541,37,122.574267810811,253.666236078078,NA,NA,NA
"719",219,1,46,46,63.004402826087,233.824073703382,35,107.393951342857,270.341958786555,NA,NA,NA
"720",220,1,46,46,87.0141391956522,240.422932902415,50,79.84367646,235.311278364898,NA,NA,NA
"721",221,1,46,46,121.962280456522,271.367940553623,39,107.979834102564,276.099579519568,NA,NA,NA
"722",222,1,46,46,71.8316668913044,269.89678731401,48,79.9640245833333,238.648896028369,NA,NA,NA
"723",223,1,46,46,71.841252673913,276.429330376812,48,108.961722354167,258.49712749734,NA,NA,NA
"724",224,1,46,46,75.5807667391304,293.577269200966,42,102.281492428571,292.259445289199,NA,NA,NA
"725",225,1,46,46,71.5069490434783,260.699095117874,57,79.9081525263158,273.951819035088,NA,NA,NA
"726",226,1,46,46,98.0488211086956,269.525010996135,44,92.6504095227273,265.941104932347,NA,NA,NA
"727",227,1,46,46,89.5105652391304,261.574108989372,53,68.8440961886792,250.744748386067,NA,NA,NA
"728",228,1,46,46,84.5999640869565,249.924019750725,46,80.6546993043478,270.850997435749,NA,NA,NA
"729",229,1,46,46,73.7673508478261,230.654441383575,42,107.826596642857,269.882163485482,NA,NA,NA
"730",230,1,46,46,102.789759913043,283.043170794203,42,70.2096532380952,227.246134957027,NA,NA,NA
"731",231,1,46,46,87.6143916304348,270.33737064058,38,89.1307537631579,243.253247192034,NA,NA,NA
"732",232,1,46,46,108.011924586957,256.411694400966,37,96.474693027027,289.543568747748,NA,NA,NA
"733",233,1,46,46,98.1353535217391,281.091941447343,39,104.532709435897,273.596946842105,NA,NA,NA
"734",234,1,46,46,81.4301350652174,255.04277588599,46,78.9990579347826,250.663588802899,NA,NA,NA
"735",235,1,46,46,90.1654581086957,262.777704925604,43,82.1464807441861,245.161300715393,NA,NA,NA
"736",236,1,46,46,88.8298343913043,242.839243243478,49,76.0430748367347,236.109002498299,NA,NA,NA
"737",237,1,46,46,83.7070892391304,241.482590472464,28,97.7405711428571,218.244962560847,NA,NA,NA
"738",238,1,46,46,82.6855398695652,277.41400213913,44,76.9062545681818,269.602067283298,NA,NA,NA
"739",239,1,46,46,95.9790277173913,278.324578100483,44,68.39218775,250.57360508351,NA,NA,NA
"740",240,1,46,46,103.972759804348,284.778906342995,43,119.544863046512,275.398085681063,NA,NA,NA
"741",241,1,46,46,81.3927565217391,256.858171922705,47,95.4031826382979,256.323796947271,NA,NA,NA
"742",242,1,46,46,66.8573646086956,286.354485863768,50,91.36247222,256.656365142857,NA,NA,NA
"743",243,1,46,46,94.647637173913,245.970530770048,42,92.1357859047619,241.687148013937,NA,NA,NA
"744",244,1,46,46,88.4073898478261,250.767126760386,51,86.5442407647059,233.646818531765,NA,NA,NA
"745",245,1,46,46,70.6557355217391,248.004523724638,52,108.113519365385,265.710905254902,NA,NA,NA
"746",246,1,46,46,97.7598868695652,246.768191983575,42,88.1881972142857,282.639533653891,NA,NA,NA
"747",247,1,46,46,96.7176316086957,271.271677314976,49,80.8129530816327,294.862100096939,NA,NA,NA
"748",248,1,46,46,79.3381426521739,272.010253908213,47,77.6538999148936,294.572849365402,NA,NA,NA
"749",249,1,46,46,93.1933369782609,287.044043061836,45,88.7670574666667,269.038466509091,NA,NA,NA
"750",250,1,46,46,77.2304993913043,279.527481227053,46,102.317312913043,259.935360400966,NA,NA,NA
"751",251,1,46,46,67.8316917391304,228.60042278744,56,91.9304297678571,266.38954405,NA,NA,NA
"752",252,1,46,46,93.3884056956522,303.459301764251,35,120.665010285714,279.061641546218,NA,NA,NA
"753",253,1,46,46,112.943133782609,289.044531829952,46,60.0680866304348,227.549406099517,NA,NA,NA
"754",254,1,46,46,83.2780877826087,257.029994622222,56,79.9168499642857,268.860581261039,NA,NA,NA
"755",255,1,46,46,77.4733035434783,269.951222862802,50,81.49628156,249.787829980408,NA,NA,NA
"756",256,1,46,46,90.5462667826087,298.851056474396,44,96.9870316590909,256.598869837209,NA,NA,NA
"757",257,1,46,46,96.1975939347826,272.782103924638,49,98.2675574897959,271.265193761905,NA,NA,NA
"758",258,1,46,46,85.2542091521739,242.192156006763,42,108.465611,247.815233390244,NA,NA,NA
"759",259,1,46,46,84.3869615652174,286.068670277295,45,66.9109296222222,252.302025666667,NA,NA,NA
"760",260,1,46,46,86.8119910217391,260.837664681159,41,107.327989780488,268.534540819512,NA,NA,NA
"761",261,1,46,46,90.1271482826087,254.361071545894,53,75.3411801886792,263.697224608128,NA,NA,NA
"762",262,1,46,46,89.5341371304348,268.362863081159,44,114.623125431818,285.181607853066,NA,NA,NA
"763",263,1,46,46,90.1838186086957,277.582115846377,43,103.193981930233,260.280904857143,NA,NA,NA
"764",264,1,46,46,79.3309653043478,274.965192350725,38,116.984187315789,278.214789685633,NA,NA,NA
"765",265,1,46,46,77.1693375,245.545625536232,42,110.250432595238,268.167962092915,NA,NA,NA
"766",266,1,46,46,94.6221610652174,286.81866405314,45,94.4780568222222,259.494933135354,NA,NA,NA
"767",267,1,46,46,80.7398306521739,291.735162842512,41,91.623162097561,262.874217595122,NA,NA,NA
"768",268,1,46,46,82.2845441304348,221.409013429952,47,117.993225,277.843513624422,NA,NA,NA
"769",269,1,46,46,106.423310369565,268.354009921739,45,87.9624503555555,255.982715070707,NA,NA,NA
"770",270,1,46,46,58.8970351956522,237.636293017391,43,107.200763116279,271.619416589147,NA,NA,NA
"771",271,1,46,46,69.6819666304348,250.410491650242,55,68.9061794363636,262.94551872862,NA,NA,NA
"772",272,1,46,46,90.7238524347826,281.490288426087,44,90.0573726363636,240.472542139535,NA,NA,NA
"773",273,1,46,46,103.330941695652,256.88356016715,47,103.714609170213,256.439704503238,NA,NA,NA
"774",274,1,46,46,69.6299761956522,244.28279408599,54,77.9234639444444,273.020188810622,NA,NA,NA
"775",275,1,46,46,83.1193936304348,246.411754382609,48,92.873727,269.133574225177,NA,NA,NA
"776",276,1,46,46,98.0354628478261,260.058422109179,42,89.2365513571429,259.890902170732,NA,NA,NA
"777",277,1,46,46,81.1869392173913,247.25772122029,45,85.7185329777778,278.438304363636,NA,NA,NA
"778",278,1,46,46,105.688895195652,271.097560205797,50,87.88535436,295.343864008163,NA,NA,NA
"779",279,1,46,46,81.429914173913,248.059236998068,42,86.9144363809524,219.890956638792,NA,NA,NA
"780",280,1,46,46,88.9824541956522,265.832909312077,44,67.8458427727273,302.887756877378,NA,NA,NA
"781",281,1,46,46,114.783234086957,286.905264888889,47,81.6549315744681,244.809900170213,NA,NA,NA
"782",282,1,46,46,110.75120373913,268.379270186473,49,102.054970612245,270.147684498299,NA,NA,NA
"783",283,1,46,46,92.9269912608696,248.897139971014,29,81.888376,213.188107403941,NA,NA,NA
"784",284,1,46,46,73.7703246521739,267.147045858937,42,93.1891412619048,258.738760528455,NA,NA,NA
"785",285,1,46,46,82.3377460869565,285.230580751691,48,95.8266364791667,269.041816914007,NA,NA,NA
"786",286,1,46,46,92.0299404565217,296.522472433816,32,120.54444865625,269.320462179435,NA,NA,NA
"787",287,1,46,46,92.2363429347826,240.70232649372,45,100.256402933333,256.575880608081,NA,NA,NA
"788",288,1,46,46,66.147721326087,249.887198683092,59,64.2052644067797,245.854695887785,NA,NA,NA
"789",289,1,46,46,108.739561130435,250.584101990338,59,72.1898903898305,263.147117033314,NA,NA,NA
"790",290,1,46,46,73.6697943695652,230.986931448309,32,126.727659,256.293170625,NA,NA,NA
"791",291,1,46,46,103.704354108696,268.748049768116,42,99.0014618571429,256.376292296167,NA,NA,NA
"792",292,1,46,46,79.2196604782609,259.560511301449,44,74.6390103409091,241.875230269556,NA,NA,NA
"793",293,1,46,46,97.3728739347826,260.005698057971,43,85.7762349767442,277.028000699889,NA,NA,NA
"794",294,1,46,46,85.5488965652174,262.70954284058,53,72.0859127924528,224.08146558926,NA,NA,NA
"795",295,1,46,46,71.0814456521739,240.638150144928,42,86.1617996666667,236.119962170732,NA,NA,NA
"796",296,1,46,46,92.9659763043478,259.040398708213,46,109.555124195652,268.581393705314,NA,NA,NA
"797",297,1,46,46,97.4162725217391,266.159617456039,45,100.081923222222,270.649024989899,NA,NA,NA
"798",298,1,46,46,90.2330097173913,236.538297595169,54,81.1850443333333,246.272933651293,NA,NA,NA
"799",299,1,46,46,91.4777907391304,248.454395478261,50,75.9731846,254.172251226122,NA,NA,NA
"800",300,1,46,46,84.8635391956522,300.305026960386,44,89.3449800454545,270.785368021142,NA,NA,NA
"801",301,1,46,46,80.9548060869565,250.617623254106,50,97.0737906,252.206413595918,NA,NA,NA
"802",302,1,46,46,101.59424673913,294.392921975845,53,74.1413018301887,239.523983058055,NA,NA,NA
"803",303,1,46,46,86.8143653913043,281.30250368599,46,81.446771,244.388409312077,NA,NA,NA
"804",304,1,46,46,90.4889095869565,234.438194722705,45,82.7376748444444,266.922449290909,NA,NA,NA
"805",305,1,46,46,89.7930774347826,280.351164741063,51,99.1953056862745,258.236166370196,NA,NA,NA
"806",306,1,46,46,70.3588284347826,245.925842485024,32,118.952328875,243.647673427419,NA,NA,NA
"807",307,1,46,46,106.675581086957,252.365031374879,37,132.326590189189,269.582147129129,NA,NA,NA
"808",308,1,46,46,94.1150096521739,245.645127802899,48,98.2662297708333,266.688901797872,NA,NA,NA
"809",309,1,46,46,88.6059008478261,322.229794719807,45,89.3620028222222,293.268822747475,NA,NA,NA
"810",310,1,46,46,85.292749826087,257.501971337198,47,81.7681213191489,274.76659639593,NA,NA,NA
"811",311,1,46,46,94.5834818478261,261.836569321739,48,92.7106862916667,266.336310900709,NA,NA,NA
"812",312,1,46,46,97.6582902608696,290.304233826087,52,70.1398913076923,253.438263119909,NA,NA,NA
"813",313,1,46,46,83.1160982826087,281.276836634783,55,75.9939695272727,264.785238707071,NA,NA,NA
"814",314,1,46,46,86.9215064565217,276.188097384541,45,73.1427733555555,214.82366049697,NA,NA,NA
"815",315,1,46,46,80.6343536521739,246.858528877295,47,78.0051562340426,267.637694632747,NA,NA,NA
"816",316,1,46,46,100.578352,243.75035503285,48,95.1964400625,277.811402338652,NA,NA,NA
"817",317,1,46,46,101.789432695652,255.286718631884,37,99.2432547027027,306.847644906907,NA,NA,NA
"818",318,1,46,46,101.477284478261,263.243555668599,48,74.1567212916667,270.943039794326,NA,NA,NA
"819",319,1,46,46,77.0440609565217,246.151869882126,44,94.3801812045455,266.804769806554,NA,NA,NA
"820",320,1,46,46,96.1273814782609,293.080296003865,47,74.357487893617,264.972860181314,NA,NA,NA
"821",321,1,46,46,80.4892515652174,299.734550531401,46,89.0913593478261,228.276158258937,NA,NA,NA
"822",322,1,46,46,61.7474695434783,269.657079529469,37,101.999365027027,254.887657867868,NA,NA,NA
"823",323,1,46,46,103.051019456522,255.237998778744,46,84.4676768695652,229.051392383575,NA,NA,NA
"824",324,1,46,46,74.8647141304348,243.797893658937,53,80.2731186981132,295.502637419448,NA,NA,NA
"825",325,1,46,46,78.4904093913044,253.67095981256,51,85.8194329215686,257.339856098824,NA,NA,NA
"826",326,1,46,46,90.7855481304348,258.912337891787,45,94.4014663111111,256.799918482828,NA,NA,NA
"827",327,1,46,46,110.739653065217,273.035733742995,45,90.5676632444444,273.950443763636,NA,NA,NA
"828",328,1,46,46,97.7627079782609,248.687868936232,54,92.2837585,257.561061997904,NA,NA,NA
"829",329,1,46,46,76.3633214130435,225.594894408696,45,99.7243129111111,266.467934432323,NA,NA,NA
"830",330,1,46,46,88.8424521956522,264.763768638647,46,115.167193065217,271.295688628985,NA,NA,NA
"831",331,1,46,46,70.8682362173913,274.610855110145,43,84.4513152093023,266.041240334441,NA,NA,NA
"832",332,1,46,46,73.1043809347826,227.953277312077,53,75.3445795283019,250.83537636865,NA,NA,NA
"833",333,1,46,46,56.1552365652174,247.497843521739,42,82.1192694761905,213.0871082741,NA,NA,NA
"834",334,1,46,46,93.8734915434783,266.742585042512,47,90.0622691489362,260.106195746531,NA,NA,NA
"835",335,1,46,46,97.9405419347826,243.896598711111,58,70.0628320689655,295.967995258923,NA,NA,NA
"836",336,1,46,46,100.220796565217,307.712777143961,48,72.46458275,289.663829913121,NA,NA,NA
"837",337,1,46,46,111.623628326087,285.181329333333,47,103.682146212766,269.083476077706,NA,NA,NA
"838",338,1,46,46,98.1734464130435,268.562976928502,52,96.4594848076923,258.858670071644,NA,NA,NA
"839",339,1,46,46,111.706689543478,292.405497427053,46,85.5682409782609,242.025387284058,NA,NA,NA
"840",340,1,46,46,99.7020940434783,273.687664786473,37,100.686179972973,277.95803206006,NA,NA,NA
"841",341,1,46,46,64.7423182826087,220.838923374879,45,104.295002355556,255.640248769697,NA,NA,NA
"842",342,1,46,46,105.494143891304,268.828412342995,42,83.8300607619048,233.630116695703,NA,NA,NA
"843",343,1,46,46,97.679190826087,247.926929920773,55,80.0046634909091,306.385584284175,NA,NA,NA
"844",344,1,46,46,84.7346972826087,263.921849089855,41,95.4722931951219,299.542525660976,NA,NA,NA
"845",345,1,46,46,102.01378173913,274.13456085314,40,92.24457245,235.819251242308,NA,NA,NA
"846",346,1,46,46,69.1448314347826,269.6410589343,41,99.6832764878049,258.443033017073,NA,NA,NA
"847",347,1,46,46,74.8064511086957,265.594285221256,53,71.1078309056604,223.553764224964,NA,NA,NA
"848",348,1,46,46,99.7827805869565,273.147976451208,38,98.6782716842105,243.031375532006,NA,NA,NA
"849",349,1,46,46,89.1314036304348,244.184651461836,48,91.6641175625,237.873094758865,NA,NA,NA
"850",350,1,46,46,91.2518416304348,269.984523116908,45,107.780614111111,292.960174711111,NA,NA,NA
"851",351,1,46,46,74.0403041521739,220.609926174879,47,92.047910787234,238.098706238668,NA,NA,NA
"852",352,1,46,46,105.285504,283.832661964251,43,107.596809790698,299.165877282392,NA,NA,NA
"853",353,1,46,46,97.0537321304348,290.975196338164,43,88.2824380697674,244.887360394241,NA,NA,NA
"854",354,1,46,46,95.7604934130435,258.709265839614,59,76.279002779661,236.891695324372,NA,NA,NA
"855",355,1,46,46,84.302235326087,261.915991877295,42,91.6198327142857,246.075277875726,NA,NA,NA
"856",356,1,46,46,98.5499603043478,272.619341923671,50,87.53368654,260.164476746939,NA,NA,NA
"857",357,1,46,46,84.3710752826087,279.095151234783,48,99.543031,261.515638981383,NA,NA,NA
"858",358,1,46,46,77.5679804130435,290.016532659903,41,87.9439721707317,272.094368063415,NA,NA,NA
"859",359,1,46,46,83.9921530434783,256.904870594203,48,94.0631146041667,251.120027090426,NA,NA,NA
"860",360,1,46,46,64.5671388478261,264.712336177778,44,96.75536175,260.184227616279,NA,NA,NA
"861",361,1,46,46,79.8740311521739,265.324789785507,41,109.957233609756,268.872037395122,NA,NA,NA
"862",362,1,46,46,91.8407034347826,255.651222361353,45,75.0700316888889,235.97492420404,NA,NA,NA
"863",363,1,46,46,105.803794608696,281.640115175845,52,95.5470938269231,274.531015443439,NA,NA,NA
"864",364,1,46,46,85.1944705652174,267.409852137198,49,72.2547664897959,239.676489591837,NA,NA,NA
"865",365,1,46,46,78.0609556086957,284.356039372947,45,114.241020111111,248.344471060606,NA,NA,NA
"866",366,1,46,46,90.8082900434783,266.623733595169,32,97.5181013125,250.872578685484,NA,NA,NA
"867",367,1,46,46,92.1925083695652,290.682689920773,51,77.4830415294118,287.574134527059,NA,NA,NA
"868",368,1,46,46,95.1935102173913,234.749323775845,56,73.5730990892857,249.401597327273,NA,NA,NA
"869",369,1,46,46,74.7411991521739,247.312609583575,47,102.354185893617,286.041682593895,NA,NA,NA
"870",370,1,46,46,94.4802923043478,268.067922920773,44,83.7120100227273,285.704877679704,NA,NA,NA
"871",371,1,46,46,79.5302478478261,256.580949743961,50,72.70821086,288.744118671837,NA,NA,NA
"872",372,1,46,46,93.1930710217391,307.286323462802,48,78.9996379166667,282.107274471631,NA,NA,NA
"873",373,1,46,46,63.21008,223.070688589372,47,62.6692614255319,230.527832492137,NA,NA,NA
"874",374,1,46,46,70.0064655652174,283.624987311111,39,117.062961794872,266.394874539811,NA,NA,NA
"875",375,1,46,46,87.9555409782609,270.708879003865,45,103.300632533333,281.162165189899,NA,NA,NA
"876",376,1,46,46,73.9153989782609,229.406379452174,55,96.9772344909091,271.954763859933,NA,NA,NA
"877",377,1,46,46,96.7120629130435,260.134697607729,58,82.4150208275862,245.990962604356,NA,NA,NA
"878",378,1,46,46,101.012019108696,250.931976589372,52,86.89625225,257.029600775264,NA,NA,NA
"879",379,1,46,46,85.2452685869565,231.9066192,54,70.5602147592593,288.808579792453,NA,NA,NA
"880",380,1,46,46,87.6919366086957,269.276752623188,52,84.5785309615385,247.724292429864,NA,NA,NA
"881",381,1,46,46,78.7811545217391,277.622055214493,47,80.4833561489362,260.355378717854,NA,NA,NA
"882",382,1,46,46,82.9642769782609,307.803283577778,40,93.21243305,274.802591197436,NA,NA,NA
"883",383,1,46,46,95.719945673913,275.405472009662,48,87.27292375,302.644445884752,NA,NA,NA
"884",384,1,46,46,88.4599241521739,271.297569148792,49,88.3962596734694,235.041665678571,NA,NA,NA
"885",385,1,46,46,96.7771864782609,262.916278303382,52,86.0390159230769,268.693883240573,NA,NA,NA
"886",386,1,46,46,98.5066358695652,251.421050761353,44,100.495443590909,283.271101909091,NA,NA,NA
"887",387,1,46,46,77.283978673913,222.179948201932,48,76.0622987916667,251.779031593972,NA,NA,NA
"888",388,1,46,46,80.0527942608696,245.484667761353,51,76.9994794117647,315.089745898039,NA,NA,NA
"889",389,1,46,46,72.4722814347826,273.936306509179,50,99.87703852,279.333970426122,NA,NA,NA
"890",390,1,46,46,73.0383244130435,230.67730884058,44,86.2279894772727,250.140406701903,NA,NA,NA
"891",391,1,46,46,68.5218554565217,237.261454582609,48,103.661304979167,274.491833196808,NA,NA,NA
"892",392,1,46,46,112.601486847826,297.344085951691,45,105.1258234,297.217904640404,NA,NA,NA
"893",393,1,46,46,89.5929073695652,239.57723225314,46,90.6209565434783,257.646987630918,NA,NA,NA
"894",394,1,46,46,73.6060738478261,301.612499895652,30,101.1579271,267.536432050575,NA,NA,NA
"895",395,1,46,46,94.8395809782609,303.714967413527,41,79.6777105121951,242.792684521951,NA,NA,NA
"896",396,1,46,46,96.9333719347826,278.167657907246,52,86.2740056538462,272.890987766214,NA,NA,NA
"897",397,1,46,46,105.473908,277.996536188406,43,78.4818664418605,231.103660624585,NA,NA,NA
"898",398,1,46,46,98.4978002391304,265.648945628019,45,85.6402029333333,233.971358664646,NA,NA,NA
"899",399,1,46,46,90.7036475434783,246.543611322705,49,94.7824124489796,250.702583892857,NA,NA,NA
"900",400,1,46,46,87.4019963478261,271.65048948599,44,104.272277386364,324.260788027484,NA,NA,NA
"901",401,1,46,46,90.5574033913043,286.420714800966,50,89.9145891,264.567857300408,NA,NA,NA
"902",402,1,46,46,79.1016144565217,278.064510162319,45,75.1792620222222,311.911863767677,NA,NA,NA
"903",403,1,46,46,76.5026762173913,276.715331738164,41,102.578545560976,272.671882068293,NA,NA,NA
"904",404,1,46,46,78.4601184347826,246.850666720773,39,85.9005614615385,244.97166879892,NA,NA,NA
"905",405,1,46,46,86.3109366304348,260.225162085024,42,95.7880805952381,275.223076347271,NA,NA,NA
"906",406,1,46,46,99.8705631956522,237.606005686957,50,83.63089354,237.832744189388,NA,NA,NA
"907",407,1,46,46,78.2811918043478,261.225887517874,41,106.940469829268,274.988255141463,NA,NA,NA
"908",408,1,46,46,86.5605309130435,285.560954213527,47,69.2757053191489,231.953298982424,NA,NA,NA
"909",409,1,46,46,99.8377324782609,291.971161591304,57,97.6419638421053,277.634680317043,NA,NA,NA
"910",410,1,46,46,93.7921454347826,282.966303118841,45,97.1479347555556,271.862567975758,NA,NA,NA
"911",411,1,46,46,81.2364134565217,244.980874720773,48,85.3247865416667,272.029669697695,NA,NA,NA
"912",412,1,46,46,71.3570179565217,218.729042042512,40,100.72562605,282.340392329487,NA,NA,NA
"913",413,1,46,46,85.8944988695652,251.585232068599,48,80.5939442708333,236.307276398936,NA,NA,NA
"914",414,1,46,46,92.1529678478261,281.538351428019,50,75.8966414,271.016186480816,NA,NA,NA
"915",415,1,46,46,91.2543331304348,250.084281569082,49,67.6413973877551,241.221552335034,NA,NA,NA
"916",416,1,46,46,85.2481320869565,243.069746708213,48,72.1029199791667,274.948005443262,NA,NA,NA
"917",417,1,46,46,72.4775655217391,254.097637994203,51,74.9911113333333,240.425965959216,NA,NA,NA
"918",418,1,46,46,83.558265826087,223.97521410628,53,88.4528126981132,248.551605767779,NA,NA,NA
"919",419,1,46,46,95.2948242173913,266.555885223188,44,91.0350948863636,266.645569886892,NA,NA,NA
"920",420,1,46,46,63.8017263913043,235.677636943961,48,82.4951965833333,270.464773026596,NA,NA,NA
"921",421,1,46,46,77.3177298043478,256.174258545894,52,66.3353441730769,267.935821546757,NA,NA,NA
"922",422,1,46,46,85.3698438260869,252.003379203865,42,95.9058062857143,253.248917688734,NA,NA,NA
"923",423,1,46,46,98.996955673913,261.695310290821,43,69.0509804883721,291.375096219269,NA,NA,NA
"924",424,1,46,46,114.413193043478,281.013267541063,38,91.012296868421,246.413727179232,NA,NA,NA
"925",425,1,46,46,91.5775475869565,235.907651985507,44,95.5913022727273,255.281963989429,NA,NA,NA
"926",426,1,46,46,82.2189167173913,250.986477844444,40,103.438437325,262.397114262821,NA,NA,NA
"927",427,1,46,46,87.7769068913043,232.94194146087,55,82.5229828545454,248.633004474074,NA,NA,NA
"928",428,1,46,46,70.5532612608696,240.681806920773,49,85.4134004489796,252.152519013605,NA,NA,NA
"929",429,1,46,46,86.7550270217391,241.300029778744,45,84.2073116,243.445787509091,NA,NA,NA
"930",430,1,46,46,92.6465822173913,251.15909047343,51,71.424887,264.91393598902,NA,NA,NA
"931",431,1,46,46,99.3660481521739,261.077673004831,48,77.8442456458333,280.32163427305,NA,NA,NA
"932",432,1,46,46,93.1597857173913,267.140641029952,41,98.5192739512195,264.769237187805,NA,NA,NA
"933",433,1,46,46,65.5228914782609,228.136829705314,49,101.695778306122,298.205501484694,NA,NA,NA
"934",434,1,46,46,99.4494839130435,247.905800929469,49,65.5495302857143,234.635382789116,NA,NA,NA
"935",435,1,46,46,96.5123075652174,250.288266758454,44,105.205325863636,272.047406299154,NA,NA,NA
"936",436,1,46,46,98.1900215869565,273.24305376715,43,85.1797311627907,215.384441973422,NA,NA,NA
"937",437,1,46,46,87.1597469565217,250.826669878261,44,92.0404310681818,284.133840654334,NA,NA,NA
"938",438,1,46,46,75.4603676956522,286.898234872464,37,101.781825945946,285.762555459459,NA,NA,NA
"939",439,1,46,46,95.068429673913,253.353995336232,46,97.5084115652174,264.738190415459,NA,NA,NA
"940",440,1,46,46,89.8314394565217,251.857523847343,40,83.3251766,245.172703725641,NA,NA,NA
"941",441,1,46,46,72.5586661304348,269.9782254657,41,103.196345146341,283.590540685366,NA,NA,NA
"942",442,1,46,46,85.6395908478261,250.071993737198,48,74.8756006458333,237.335238367021,NA,NA,NA
"943",443,1,46,46,103.558586043478,309.35601981256,45,86.2262744222222,250.387292836364,NA,NA,NA
"944",444,1,46,46,99.5322051086956,248.870725219324,48,94.950988,282.424371623227,NA,NA,NA
"945",445,1,46,46,81.0241297391304,273.185503149758,50,70.2146634,283.691156959184,NA,NA,NA
"946",446,1,46,46,67.1275406521739,250.260860457971,52,78.8739750769231,279.266049370287,NA,NA,NA
"947",447,1,46,46,77.6842382608696,300.168500678261,42,86.0069619761905,259.582498497096,NA,NA,NA
"948",448,1,46,46,74.6309182608696,299.121733258937,52,64.4483206346154,273.472689501508,NA,NA,NA
"949",449,1,46,46,89.8907220869565,258.277671038647,46,95.8509606304348,276.720620408696,NA,NA,NA
"950",450,1,46,46,83.791649826087,240.101233315942,46,68.2025887173913,228.560499679227,NA,NA,NA
"951",451,1,46,46,67.2772683043478,244.078357384541,39,80.72978,297.201693708502,NA,NA,NA
"952",452,1,46,46,82.5540289130435,268.347862564251,49,87.3807658979592,257.110978940476,NA,NA,NA
"953",453,1,46,46,87.4781965652174,276.959200857971,45,111.680057022222,250.004089141414,NA,NA,NA
"954",454,1,46,46,103.27376926087,249.304135196135,47,89.9746341702128,290.625247010176,NA,NA,NA
"955",455,1,46,46,73.9233740434783,288.430244992271,49,89.7171353673469,288.199392829932,NA,NA,NA
"956",456,1,46,46,68.5350533478261,266.541746174879,46,82.3538166086957,290.030316909179,NA,NA,NA
"957",457,1,46,46,77.5243387826087,251.897972043478,52,73.2337195769231,288.367538534691,NA,NA,NA
"958",458,1,46,46,87.1415644130435,242.356122017391,38,94.4991739473684,307.575594412518,NA,NA,NA
"959",459,1,46,46,108.235767782609,260.914108257005,57,81.6170716140351,271.557583275689,NA,NA,NA
"960",460,1,46,46,91.7101713043478,251.990656880193,48,82.1209737083333,277.003482801418,NA,NA,NA
"961",461,1,46,46,75.5023502391304,255.03279713913,37,85.9058915675676,234.75126696997,NA,NA,NA
"962",462,1,46,46,94.771894,256.731749622222,51,90.9228522745098,281.274939625098,NA,NA,NA
"963",463,1,46,46,82.225120673913,291.526944758454,39,95.9136573333333,242.548635775978,NA,NA,NA
"964",464,1,46,46,98.4965685869565,283.501450341063,42,63.8499182142857,230.530780643438,NA,NA,NA
"965",465,1,46,46,75.200041,231.27058308599,41,99.041778804878,286.504908046341,NA,NA,NA
"966",466,1,46,46,101.835045782609,279.554953740097,47,94.393102212766,253.165979783534,NA,NA,NA
"967",467,1,46,46,92.2091126521739,289.525512057005,49,79.3515167346939,249.613310534014,NA,NA,NA
"968",468,1,46,46,109.577198630435,271.459946417391,51,80.5811443529412,286.571404752941,NA,NA,NA
"969",469,1,46,46,82.5007038913044,254.572399013527,46,107.618577043478,266.282496717874,NA,NA,NA
"970",470,1,46,46,75.0998415434783,244.130091662802,54,77.115982037037,266.788127398323,NA,NA,NA
"971",471,1,46,46,95.1070612391304,244.368449784541,56,73.5368234464286,279.301708822078,NA,NA,NA
"972",472,1,46,46,75.6055150434783,252.267130752657,43,85.2206362790698,227.008024013289,NA,NA,NA
"973",473,1,46,46,89.9899085434783,236.973014400966,50,93.41641482,264.663458817959,NA,NA,NA
"974",474,1,46,46,98.8884005869565,280.448803516908,53,99.2313709245283,275.792358552975,NA,NA,NA
"975",475,1,46,46,113.1575975,287.715988502415,49,62.1931194489796,238.353417442177,NA,NA,NA
"976",476,1,46,46,78.8679193913043,244.960963685024,42,90.0032365714286,254.457074700348,NA,NA,NA
"977",477,1,46,46,99.636659673913,276.410328156522,43,101.517735093023,256.396380954596,NA,NA,NA
"978",478,1,46,46,85.0624499347826,280.570681288889,43,72.7687960697674,224.599856361019,NA,NA,NA
"979",479,1,46,46,102.631239543478,267.182013564251,52,76.4799064615385,274.623441080694,NA,NA,NA
"980",480,1,46,46,100.58313576087,268.201262474396,44,93.5245878636364,301.264514312896,NA,NA,NA
"981",481,1,46,46,80.5543845434783,259.522930599034,52,70.5945739038462,264.559716660634,NA,NA,NA
"982",482,1,46,46,78.6373112608696,278.157614924638,46,96.2347247173913,256.658282593237,NA,NA,NA
"983",483,1,46,46,92.8864868478261,262.60879928599,57,96.4255985438596,275.23197785213,NA,NA,NA
"984",484,1,46,46,94.6263212608696,263.68831677971,49,98.1659562857143,271.165579408163,NA,NA,NA
"985",485,1,46,46,81.5778178913043,250.21604027343,42,96.4217281428571,256.989734114983,NA,NA,NA
"986",486,1,46,46,68.0051359130435,215.262567735266,57,85.3386871578947,260.515386981203,NA,NA,NA
"987",487,1,46,46,105.2178505,247.346163457005,51,75.9239984901961,268.891401483922,NA,NA,NA
"988",488,1,46,46,79.9378261521739,288.110730852174,42,106.848833571429,321.182819202091,NA,NA,NA
"989",489,1,46,46,80.7478443913044,252.803505811594,51,77.1614285686275,239.861000563137,NA,NA,NA
"990",490,1,46,46,80.8842536086956,244.014688018357,51,98.4087039803922,264.796490986667,NA,NA,NA
"991",491,1,46,46,97.2747990434783,259.550577205797,34,116.315006088235,243.824412374332,NA,NA,NA
"992",492,1,46,46,110.07026273913,291.093783753623,46,84.322645826087,223.32534217971,NA,NA,NA
"993",493,1,46,46,78.5396020869565,232.026534725604,52,87.1810891346154,266.773870679487,NA,NA,NA
"994",494,1,46,46,86.3140202173913,265.962086458937,43,94.222874744186,259.783125218162,NA,NA,NA
"995",495,1,46,46,82.7881378043478,252.257018615459,48,83.8548939583333,235.13520820656,NA,NA,NA
"996",496,1,46,46,100.126283934783,295.71266412657,48,80.4688337708333,263.779102400709,NA,NA,NA
"997",497,1,46,46,83.628774,239.958226957488,46,74.0777859782609,301.120290638647,NA,NA,NA
"998",498,1,46,46,101.445303217391,285.225160586473,42,109.45284497619,250.659372916376,NA,NA,NA
"999",499,1,46,46,86.5625312173913,249.518393177778,42,89.2884148571429,219.913321355401,NA,NA,NA
"1000",500,1,46,46,72.7593315434783,281.591344347826,46,81.4781697391304,243.581200410628,NA,NA,NA
