"","ntaxa","obs","rand.mean","rand.sd","obs.rank","obs.z","obs.p","runs","summits","metric","clade","sig","pool","data","model"
"Braxon Peak",26,89.3778909230769,136.577470739935,32.550683460318,630,-1.45003344935593,0.062993700629937,10000,"Braxon Peak","mntd","Tracheophyta",0,"All Alpine","total","RD"
"Castle Peak",53,114.595890415094,95.3983537145113,16.9686253792272,8580,1.1313548547123,0.857914208579142,10000,"Castle Peak","mntd","Tracheophyta",0,"All Alpine","total","RD"
"D.O. Lee Peak",51,73.0398678823529,97.5589706197608,17.5086427084186,863,-1.40039997078805,0.0862913708629137,10000,"D.O. Lee Peak","mntd","Tracheophyta",0,"All Alpine","total","RD"
"Horstmann Peak",35,112.179498285714,118.84055439414,25.2801944858368,4149,-0.263489116436884,0.414858514148585,10000,"Horstmann Peak","mntd","Tracheophyta",0,"All Alpine","total","RD"
"Hyndman Peak",72,63.0396081527778,78.9783858178111,11.8366185204296,943,-1.34656512225376,0.0942905709429057,10000,"Hyndman Peak","mntd","Tracheophyta",0,"All Alpine","total","RD"
"Mount Cramer",37,110.291414351351,115.340197805286,23.98940074344,4368,-0.210458923419158,0.436756324367563,10000,"Mount Cramer","mntd","Tracheophyta",0,"All Alpine","total","RD"
"Salzburger Spitzl",63,105.734384253968,86.1401583435032,13.871643853115,9149,1.41253813303929,0.914808519148085,10000,"Salzburger Spitzl","mntd","Tracheophyta",0,"All Alpine","total","RD"
"Snowyside Peak",35,128.171158685714,118.849369388506,25.2883960339299,6411,0.368619238828012,0.641035896410359,10000,"Snowyside Peak","mntd","Tracheophyta",0,"All Alpine","total","RD"
"Thompson Peak",45,77.1166147111111,104.057993596511,19.920081511758,921,-1.35247332544787,0.0920907909209079,10000,"Thompson Peak","mntd","Tracheophyta",0,"All Alpine","total","RD"
"Braxon Peak1",7,40.8640451428571,49.6898701237857,16.9383125951173,3178,-0.521056919416679,0.317768223177682,10000,"Braxon Peak","mntd","Asterales",0,"All Alpine","total","RD"
"Castle Peak1",17,22.1824078823529,28.257198944,6.79879081370904,1948,-0.893510512104283,0.194780521947805,10000,"Castle Peak","mntd","Asterales",0,"All Alpine","total","RD"
"D.O. Lee Peak1",10,36.3680004,39.99216586652,12.1451807768237,3933,-0.298403583537915,0.393260673932607,10000,"D.O. Lee Peak","mntd","Asterales",0,"All Alpine","total","RD"
"Horstmann Peak1",7,55.083037,49.5895086203571,17.1290804216897,6313.5,0.320713561055307,0.631286871312869,10000,"Horstmann Peak","mntd","Asterales",0,"All Alpine","total","RD"
"Hyndman Peak1",19,22.903372,26.1051591721105,5.92855819150923,2972,-0.5400616926888,0.297170282971703,10000,"Hyndman Peak","mntd","Asterales",0,"All Alpine","total","RD"
"Mount Cramer1",10,25.7796958,39.9038886879,12.1888034058581,1304,-1.15878420691499,0.13038696130387,10000,"Mount Cramer","mntd","Asterales",0,"All Alpine","total","RD"
"Salzburger Spitzl1",14,32.2668997142857,32.1368859994857,8.42714763387209,5100,0.0154279621585628,0.50994900509949,10000,"Salzburger Spitzl","mntd","Asterales",0,"All Alpine","total","RD"
"Snowyside Peak1",11,14.0646050909091,37.7262988034909,11.0317681048516,115,-2.14486866363478,0.0114988501149885,10000,"Snowyside Peak","mntd","Asterales",1,"All Alpine","total","RD"
"Thompson Peak1",9,30.528076,42.5439774808111,13.4830345505913,2003,-0.891186730681791,0.2002799720028,10000,"Thompson Peak","mntd","Asterales",0,"All Alpine","total","RD"
"Braxon Peak2",5,71.715978,74.18828376376,20.5020998326615,4980.5,-0.120587929233541,0.498000199980002,10000,"Braxon Peak","mntd","Caryophyllales",0,"All Alpine","total","RD"
"Castle Peak2",5,74.3753324,74.09110628384,20.3489482637861,5424.5,0.0139676071940193,0.542395760423958,10000,"Castle Peak","mntd","Caryophyllales",0,"All Alpine","total","RD"
"D.O. Lee Peak2",9,52.930889,50.2239654729778,11.0122731813474,5933,0.245809696367432,0.593240675932407,10000,"D.O. Lee Peak","mntd","Caryophyllales",0,"All Alpine","total","RD"
"Horstmann Peak2",4,38.215758,87.05191572575,24.9078986600077,369.5,-1.9606695206353,0.0369463053694631,10000,"Horstmann Peak","mntd","Caryophyllales",1,"All Alpine","total","RD"
"Hyndman Peak2",11,41.1182,43.9117376312273,8.72693433019246,3692,-0.320105265552705,0.369163083691631,10000,"Hyndman Peak","mntd","Caryophyllales",0,"All Alpine","total","RD"
"Mount Cramer2",4,106.1158755,86.164273169075,25.0035378530975,7677,0.797951171875997,0.767623237676232,10000,"Mount Cramer","mntd","Caryophyllales",0,"All Alpine","total","RD"
"Salzburger Spitzl2",8,55.606275375,54.2421723563875,12.6123210779381,5389,0.108156382174462,0.538846115388461,10000,"Salzburger Spitzl","mntd","Caryophyllales",0,"All Alpine","total","RD"
"Snowyside Peak2",4,76.69939675,86.97384969875,24.8415085967296,3445.5,-0.413600200999975,0.344515548445155,10000,"Snowyside Peak","mntd","Caryophyllales",0,"All Alpine","total","RD"
"Thompson Peak2",6,53.3126613333333,65.3244575181667,17.0437818372943,2336,-0.704761202619348,0.233576642335766,10000,"Thompson Peak","mntd","Caryophyllales",0,"All Alpine","total","RD"
"Braxon Peak3",5,92.0850988,115.08760861468,35.1083805056671,2681.5,-0.655185727264378,0.268123187681232,10000,"Braxon Peak","mntd","Poales",0,"All Alpine","total","RD"
"Castle Peak3",7,74.1700208571429,86.7589000339571,22.3736099090824,2779.5,-0.562666428348871,0.277922207779222,10000,"Castle Peak","mntd","Poales",0,"All Alpine","total","RD"
"D.O. Lee Peak3",7,102.078144714286,86.7148661277,22.2302571073012,7467,0.691097656335241,0.746625337466253,10000,"D.O. Lee Peak","mntd","Poales",0,"All Alpine","total","RD"
"Horstmann Peak3",6,131.381868166667,98.8513315356167,27.6844897098279,8631.5,1.17504555698932,0.863063693630637,10000,"Horstmann Peak","mntd","Poales",0,"All Alpine","total","RD"
"Hyndman Peak3",12,56.4682645,54.4196150528417,8.50251838767337,5769,0.240946194262677,0.576842315768423,10000,"Hyndman Peak","mntd","Poales",0,"All Alpine","total","RD"
"Mount Cramer3",6,81.7166433333333,99.1719372672,27.5571160890515,2512.5,-0.633422375456832,0.251224877512249,10000,"Mount Cramer","mntd","Poales",0,"All Alpine","total","RD"
"Salzburger Spitzl3",9,77.8023202222222,69.6868825183667,14.9940756141263,6894,0.541242949062483,0.689331066893311,10000,"Salzburger Spitzl","mntd","Poales",0,"All Alpine","total","RD"
"Snowyside Peak3",5,110.7906198,114.71253328012,35.2843645017127,3906.5,-0.111151597471158,0.390610938906109,10000,"Snowyside Peak","mntd","Poales",0,"All Alpine","total","RD"
"Thompson Peak3",8,79.51256475,77.4276479424375,18.2363852653342,5218.5,0.114327306493449,0.521797820217978,10000,"Thompson Peak","mntd","Poales",0,"All Alpine","total","RD"
"Braxon Peak4",2,27.326976,64.8362549531,23.5724759342929,944.5,-1.59123203933499,0.0944405559444056,10000,"Braxon Peak","mntd","Lamiales",0,"All Alpine","total","RD"
"Castle Peak4",3,46.0146486666667,53.6315020108667,17.6641894588292,4379,-0.431203105127069,0.437856214378562,10000,"Castle Peak","mntd","Lamiales",0,"All Alpine","total","RD"
"D.O. Lee Peak4",1,NA,NA,NA,NA,NA,NA,10000,"D.O. Lee Peak","mntd","Lamiales",NA,"All Alpine","total","RD"
"Horstmann Peak4",1,NA,NA,NA,NA,NA,NA,10000,"Horstmann Peak","mntd","Lamiales",NA,"All Alpine","total","RD"
"Hyndman Peak4",4,58.212993,45.328666621825,13.3878500941883,8451.5,0.962389501490471,0.845065493450655,10000,"Hyndman Peak","mntd","Lamiales",0,"All Alpine","total","RD"
"Mount Cramer4",3,28.563282,53.5660727651667,17.6071387641214,976.5,-1.42003712812871,0.0976402359764024,10000,"Mount Cramer","mntd","Lamiales",0,"All Alpine","total","RD"
"Salzburger Spitzl4",6,37.0269748333333,34.69593186955,8.66866898277859,5491.5,0.268904369103751,0.549095090490951,10000,"Salzburger Spitzl","mntd","Lamiales",0,"All Alpine","total","RD"
"Snowyside Peak4",0,NA,NA,NA,NA,NA,NA,10000,"Snowyside Peak","mntd","Lamiales",NA,"All Alpine","total","RD"
"Thompson Peak4",2,74.933456,65.3874550571,23.4935105512656,3872.5,0.406325011414089,0.387211278872113,10000,"Thompson Peak","mntd","Lamiales",0,"All Alpine","total","RD"
"Braxon Peak5",0,NA,NA,NA,NA,NA,NA,10000,"Braxon Peak","mntd","Brassicales",NA,"All Alpine","total","RD"
"Castle Peak5",5,6.8699764,16.18555068836,4.48076068011559,454,-2.07901625491851,0.0453954604539546,10000,"Castle Peak","mntd","Brassicales",1,"All Alpine","total","RD"
"D.O. Lee Peak5",4,22.476321,18.55642583905,5.98103386335358,7908,0.655387555146211,0.790720927907209,10000,"D.O. Lee Peak","mntd","Brassicales",0,"All Alpine","total","RD"
"Horstmann Peak5",2,40.873422,29.9075713918,14.4182792908705,6458,0.760551962337383,0.645735426457354,10000,"Horstmann Peak","mntd","Brassicales",0,"All Alpine","total","RD"
"Hyndman Peak5",5,20.0736724,16.12517956476,4.52439200649561,7633,0.872712362140859,0.763223677632237,10000,"Hyndman Peak","mntd","Brassicales",0,"All Alpine","total","RD"
"Mount Cramer5",2,26.053056,29.7091108242,14.5076150728118,3365,-0.252009362383185,0.336466353364664,10000,"Mount Cramer","mntd","Brassicales",0,"All Alpine","total","RD"
"Salzburger Spitzl5",3,37.3539006666667,22.7391036376667,8.90962212933188,9134,1.64033859313582,0.913308669133087,10000,"Salzburger Spitzl","mntd","Brassicales",0,"All Alpine","total","RD"
"Snowyside Peak5",3,37.3539006666667,22.9041974455333,9.00326444076773,9082.5,1.60494044312456,0.908159184081592,10000,"Snowyside Peak","mntd","Brassicales",0,"All Alpine","total","RD"
"Thompson Peak5",3,14.108368,22.7698343215333,8.87333893138715,1348.5,-0.976122560910598,0.134836516348365,10000,"Thompson Peak","mntd","Brassicales",0,"All Alpine","total","RD"
"Braxon Peak6",0,NA,NA,NA,NA,NA,NA,10000,"Braxon Peak","mntd","Ericales",NA,"All Alpine","total","RD"
"Castle Peak6",2,60.721264,129.0351222178,56.3918732848678,2524,-1.21141317424777,0.252374762523748,10000,"Castle Peak","mntd","Ericales",0,"All Alpine","total","RD"
"D.O. Lee Peak6",5,96.8332352,66.8542577266,21.8420974946147,9461.5,1.37253198694821,0.946055394460554,10000,"D.O. Lee Peak","mntd","Ericales",0,"All Alpine","total","RD"
"Horstmann Peak6",2,165.644712,129.2357216728,56.4173583178869,5340.5,0.645350853225906,0.533996600339966,10000,"Horstmann Peak","mntd","Ericales",0,"All Alpine","total","RD"
"Hyndman Peak6",6,51.8334373333333,58.3210863104333,15.3554607621333,3208,-0.422497838234761,0.320767923207679,10000,"Hyndman Peak","mntd","Ericales",0,"All Alpine","total","RD"
"Mount Cramer6",3,23.4240046666667,101.186665348933,38.4455398747558,85,-2.02267053436093,0.0084991500849915,10000,"Mount Cramer","mntd","Ericales",1,"All Alpine","total","RD"
"Salzburger Spitzl6",4,114.376761,80.7063844956,27.6733423578937,9153,1.21670798087733,0.915208479152085,10000,"Salzburger Spitzl","mntd","Ericales",0,"All Alpine","total","RD"
"Snowyside Peak6",3,84.3417026666667,100.093281547867,38.3413177938732,2826,-0.410825182532382,0.282571742825717,10000,"Snowyside Peak","mntd","Ericales",0,"All Alpine","total","RD"
"Thompson Peak6",5,38.3429084,66.93721187848,21.5913813394681,1404.5,-1.32433877337023,0.14043595640436,10000,"Thompson Peak","mntd","Ericales",0,"All Alpine","total","RD"
"Braxon Peak7",26,334.776892953846,319.283088189486,53.6715156926466,6352,0.288678353208548,0.635136486351365,10000,"Braxon Peak","mpd","Tracheophyta",0,"All Alpine","total","RD"
"Castle Peak7",53,327.038120166909,319.521845383119,33.1867155028862,5917,0.226484443244653,0.591640835916408,10000,"Castle Peak","mpd","Tracheophyta",0,"All Alpine","total","RD"
"D.O. Lee Peak7",51,258.288924362353,319.182099833893,33.8737534270745,318,-1.79765066787283,0.0317968203179682,10000,"D.O. Lee Peak","mpd","Tracheophyta",1,"All Alpine","total","RD"
"Horstmann Peak7",35,414.15538234958,319.609159195216,44.6160476007287,9770,2.11910799451494,0.976902309769023,10000,"Horstmann Peak","mpd","Tracheophyta",1,"All Alpine","total","RD"
"Hyndman Peak7",72,279.168055369327,319.03661896268,25.6853670529848,630,-1.55218975501149,0.062993700629937,10000,"Hyndman Peak","mpd","Tracheophyta",0,"All Alpine","total","RD"
"Mount Cramer7",37,323.012983654655,319.609588386805,42.5737167648855,5502,0.079941229624016,0.55014498550145,10000,"Mount Cramer","mpd","Tracheophyta",0,"All Alpine","total","RD"
"Salzburger Spitzl7",63,309.480351312852,318.693236992554,28.5608411603548,3806,-0.322570530327748,0.380561943805619,10000,"Salzburger Spitzl","mpd","Tracheophyta",0,"All Alpine","total","RD"
"Snowyside Peak7",35,390.613675630252,319.064168128621,44.2550235911799,9380,1.61675447656728,0.937906209379062,10000,"Snowyside Peak","mpd","Tracheophyta",0,"All Alpine","total","RD"
"Thompson Peak7",45,323.941010993939,318.11211569922,37.1510712639365,5778,0.156897098694898,0.577742225777422,10000,"Thompson Peak","mpd","Tracheophyta",0,"All Alpine","total","RD"
"Braxon Peak11",7,88.3251308571429,90.4796103204762,12.0287851205316,4011.5,-0.179110312616352,0.401109889011099,10000,"Braxon Peak","mpd","Asterales",0,"All Alpine","total","RD"
"Castle Peak11",17,86.8630521029412,90.6803555488294,5.8198174199974,2545,-0.655914639653753,0.254474552544746,10000,"Castle Peak","mpd","Asterales",0,"All Alpine","total","RD"
"D.O. Lee Peak11",10,78.2036657111111,90.5838662306822,9.14912424997619,763,-1.3531568903552,0.0762923707629237,10000,"D.O. Lee Peak","mpd","Asterales",0,"All Alpine","total","RD"
"Horstmann Peak11",7,93.988598,90.4983823568476,12.2444490759713,6119.5,0.285044726920514,0.611888811118888,10000,"Horstmann Peak","mpd","Asterales",0,"All Alpine","total","RD"
"Hyndman Peak11",19,93.0169027836257,90.6765436336094,5.19634175456369,6443,0.450385917739333,0.644235576442356,10000,"Hyndman Peak","mpd","Asterales",0,"All Alpine","total","RD"
"Mount Cramer11",10,84.8392454444445,90.6214516081467,9.12982109092879,2325,-0.633331815170759,0.232476752324768,10000,"Mount Cramer","mpd","Asterales",0,"All Alpine","total","RD"
"Salzburger Spitzl11",14,90.6493863406593,90.616486951322,7.00279265407648,4825,0.00469803847729548,0.482451754824518,10000,"Salzburger Spitzl","mpd","Asterales",0,"All Alpine","total","RD"
"Snowyside Peak11",11,84.4583423272727,90.7206551292255,8.50246540015601,2240,-0.736529054483165,0.223977602239776,10000,"Snowyside Peak","mpd","Asterales",0,"All Alpine","total","RD"
"Thompson Peak11",9,88.2301315555556,90.6336934004333,9.93804288575583,3892,-0.241854646081553,0.389161083891611,10000,"Thompson Peak","mpd","Asterales",0,"All Alpine","total","RD"
"Braxon Peak21",5,138.8168112,133.4664267369,15.4480521762109,5728.5,0.3463468663926,0.572792720727927,10000,"Braxon Peak","mpd","Caryophyllales",0,"All Alpine","total","RD"
"Castle Peak21",5,139.4816498,133.87128638178,15.0777375371555,6216,0.372095840267454,0.621537846215378,10000,"Castle Peak","mpd","Caryophyllales",0,"All Alpine","total","RD"
"D.O. Lee Peak21",9,135.694717222222,133.816389630111,6.41623581577656,5334,0.292746034597514,0.533346665333467,10000,"D.O. Lee Peak","mpd","Caryophyllales",0,"All Alpine","total","RD"
"Horstmann Peak21",4,72.89277,133.890181997333,20.4804279564327,249.5,-2.97832702163701,0.0249475052494751,10000,"Horstmann Peak","mpd","Caryophyllales",1,"All Alpine","total","RD"
"Hyndman Peak21",11,138.093717672727,133.882509439815,4.49559758058741,8906.5,0.936740479418638,0.890560943905609,10000,"Hyndman Peak","mpd","Caryophyllales",0,"All Alpine","total","RD"
"Mount Cramer21",4,154.653208833333,133.920089753733,19.9939534955673,9400.5,1.03696945600061,0.93995600439956,10000,"Mount Cramer","mpd","Caryophyllales",0,"All Alpine","total","RD"
"Salzburger Spitzl21",8,139.826717214286,133.709803612182,7.69942293503301,8168,0.794463903816881,0.816718328167183,10000,"Salzburger Spitzl","mpd","Caryophyllales",0,"All Alpine","total","RD"
"Snowyside Peak21",4,122.675065833333,133.727721630417,20.2071013345923,2063,-0.546968890494076,0.206279372062794,10000,"Snowyside Peak","mpd","Caryophyllales",0,"All Alpine","total","RD"
"Thompson Peak21",6,138.620992533333,133.584879756807,11.8437201111815,5512,0.425213761322522,0.551144885511449,10000,"Thompson Peak","mpd","Caryophyllales",0,"All Alpine","total","RD"
"Braxon Peak31",5,247.3044742,224.23576141358,34.3277883857234,6860,0.672012788217199,0.685931406859314,10000,"Braxon Peak","mpd","Poales",0,"All Alpine","total","RD"
"Castle Peak31",7,196.324762095238,223.761299927152,23.3038131621975,1189,-1.17734113472986,0.118888111188881,10000,"Castle Peak","mpd","Poales",0,"All Alpine","total","RD"
"D.O. Lee Peak31",7,234.340656380952,223.894465242571,23.3021574982974,5948.5,0.448292873273398,0.594790520947905,10000,"D.O. Lee Peak","mpd","Poales",0,"All Alpine","total","RD"
"Horstmann Peak31",6,249.387114333333,224.171050109713,27.1715027936993,8849.5,0.928033477392619,0.884861513848615,10000,"Horstmann Peak","mpd","Poales",0,"All Alpine","total","RD"
"Hyndman Peak31",12,221.383306136364,223.803595658853,11.5386151430722,3359,-0.209755632931611,0.335866413358664,10000,"Hyndman Peak","mpd","Poales",0,"All Alpine","total","RD"
"Mount Cramer31",6,222.951193266667,223.79748969828,27.9113208672788,3904,-0.0303209022474269,0.39036096390361,10000,"Mount Cramer","mpd","Poales",0,"All Alpine","total","RD"
"Salzburger Spitzl31",9,211.190967222222,223.694299863778,17.2582267985538,2068,-0.7244853592145,0.206779322067793,10000,"Salzburger Spitzl","mpd","Poales",0,"All Alpine","total","RD"
"Snowyside Peak31",5,183.4857868,223.80379788454,33.9036035430271,1318.5,-1.1891954503707,0.131836816318368,10000,"Snowyside Peak","mpd","Poales",0,"All Alpine","total","RD"
"Thompson Peak31",8,245.583133178571,223.918652309868,19.7162066829088,9646.5,1.09881587351606,0.964553544645535,10000,"Thompson Peak","mpd","Poales",1,"All Alpine","total","RD"
"Braxon Peak41",2,27.326976,65.0220619888,23.6750315234586,933.5,-1.59218736209282,0.0933406659334067,10000,"Braxon Peak","mpd","Lamiales",0,"All Alpine","total","RD"
"Castle Peak41",3,63.5259833333333,65.2757965455333,13.1199523400763,4552,-0.133370393949909,0.455154484551545,10000,"Castle Peak","mpd","Lamiales",0,"All Alpine","total","RD"
"D.O. Lee Peak41",1,NA,NA,NA,NA,NA,NA,10000,"D.O. Lee Peak","mpd","Lamiales",NA,"All Alpine","total","RD"
"Horstmann Peak41",1,NA,NA,NA,NA,NA,NA,10000,"Horstmann Peak","mpd","Lamiales",NA,"All Alpine","total","RD"
"Hyndman Peak41",4,69.2005615,65.2602708096333,8.69976628578876,5524,0.452919142989302,0.552344765523448,10000,"Hyndman Peak","mpd","Lamiales",0,"All Alpine","total","RD"
"Mount Cramer41",3,54.8003,65.1912195658667,12.9974552600491,1331.5,-0.79945799835186,0.133136686331367,10000,"Mount Cramer","mpd","Lamiales",0,"All Alpine","total","RD"
"Salzburger Spitzl41",6,56.8365519333333,65.2469841370733,4.96627065699341,767.5,-1.69351064100717,0.0767423257674233,10000,"Salzburger Spitzl","mpd","Lamiales",0,"All Alpine","total","RD"
"Snowyside Peak41",0,NA,NA,NA,NA,NA,NA,10000,"Snowyside Peak","mpd","Lamiales",NA,"All Alpine","total","RD"
"Thompson Peak41",2,74.933456,65.0570137105,23.5619569148795,3956.5,0.419169015764687,0.395610438956104,10000,"Thompson Peak","mpd","Lamiales",0,"All Alpine","total","RD"
"Braxon Peak51",0,NA,NA,NA,NA,NA,NA,10000,"Braxon Peak","mpd","Brassicales",NA,"All Alpine","total","RD"
"Castle Peak51",5,27.811009,29.84341698898,4.46324173498354,2125,-0.455365877462941,0.212478752124788,10000,"Castle Peak","mpd","Brassicales",0,"All Alpine","total","RD"
"D.O. Lee Peak51",4,34.741055,29.7950513542333,5.98472637262018,7901,0.82643772460415,0.79002099790021,10000,"D.O. Lee Peak","mpd","Brassicales",0,"All Alpine","total","RD"
"Horstmann Peak51",2,40.873422,29.8637008584,14.3873415342486,6537.5,0.765236657195613,0.653684631536846,10000,"Horstmann Peak","mpd","Brassicales",0,"All Alpine","total","RD"
"Hyndman Peak51",5,31.111933,29.78209807826,4.45936791979152,6546.5,0.298211528104228,0.654584541545845,10000,"Hyndman Peak","mpd","Brassicales",0,"All Alpine","total","RD"
"Mount Cramer51",2,26.053056,29.8658832778,14.3997933926308,3318.5,-0.264783471112247,0.331816818318168,10000,"Mount Cramer","mpd","Brassicales",0,"All Alpine","total","RD"
"Salzburger Spitzl51",3,39.1136613333333,29.5280736067333,8.64900711024293,9138.5,1.10828764555505,0.913758624137586,10000,"Salzburger Spitzl","mpd","Brassicales",0,"All Alpine","total","RD"
"Snowyside Peak51",3,39.1136613333333,29.8792829542,8.53773614439072,9071,1.08159566224125,0.907009299070093,10000,"Snowyside Peak","mpd","Brassicales",0,"All Alpine","total","RD"
"Thompson Peak51",3,24.851254,29.8799834973333,8.4046914347141,1360,-0.598324107005648,0.135986401359864,10000,"Thompson Peak","mpd","Brassicales",0,"All Alpine","total","RD"
"Braxon Peak61",0,NA,NA,NA,NA,NA,NA,10000,"Braxon Peak","mpd","Ericales",NA,"All Alpine","total","RD"
"Castle Peak61",2,60.721264,129.3935095402,55.8232894825266,2502,-1.23017196186003,0.25017498250175,10000,"Castle Peak","mpd","Ericales",0,"All Alpine","total","RD"
"D.O. Lee Peak61",5,134.3746078,129.48532245784,13.4469635224279,6224.5,0.363597724795288,0.622387761223878,10000,"D.O. Lee Peak","mpd","Ericales",0,"All Alpine","total","RD"
"Horstmann Peak61",2,165.644712,128.8894838116,56.4297568206102,5371,0.651344791458957,0.537046295370463,10000,"Horstmann Peak","mpd","Ericales",0,"All Alpine","total","RD"
"Hyndman Peak61",6,133.822639866667,129.45354224368,9.09572592678355,4241,0.480346226145763,0.424057594240576,10000,"Hyndman Peak","mpd","Ericales",0,"All Alpine","total","RD"
"Mount Cramer61",3,40.6142573333333,129.744100996933,30.1695797005618,90.5,-2.9542951724296,0.00904909509049095,10000,"Mount Cramer","mpd","Ericales",1,"All Alpine","total","RD"
"Salzburger Spitzl61",4,150.545016666667,129.3310033237,19.7238615341037,9181.5,1.0755507133472,0.918058194180582,10000,"Salzburger Spitzl","mpd","Ericales",0,"All Alpine","total","RD"
"Snowyside Peak61",3,124.993207333333,130.021650125067,29.5441112875493,2716,-0.170201186381682,0.271572842715728,10000,"Snowyside Peak","mpd","Ericales",0,"All Alpine","total","RD"
"Thompson Peak61",5,117.6432308,129.3528372669,13.4939664714113,2180,-0.867766085806448,0.217978202179782,10000,"Thompson Peak","mpd","Ericales",0,"All Alpine","total","RD"
"Braxon Peak8",26,89.3778909230769,139.479964813919,33.1598574949698,605,-1.51092548870099,0.0604939506049395,10000,"Braxon Peak","mntd","Tracheophyta",0,"Talus","total","RD"
"Castle Peak8",53,114.595890415094,92.3731008288566,15.9598186470523,9122,1.3924211845817,0.912108789121088,10000,"Castle Peak","mntd","Tracheophyta",0,"Talus","total","RD"
"D.O. Lee Peak8",31,88.1212906774194,127.756485708932,28.4275060036653,829,-1.39425509316232,0.0828917108289171,10000,"D.O. Lee Peak","mntd","Tracheophyta",0,"Talus","total","RD"
"Horstmann Peak8",35,112.179498285714,119.669967040834,25.1204448005527,3934,-0.298182170522521,0.393360663933607,10000,"Horstmann Peak","mntd","Tracheophyta",0,"Talus","total","RD"
"Hyndman Peak8",43,62.4178472093023,105.988109739235,20.2706904203629,102,-2.14942173287616,0.0101989801019898,10000,"Hyndman Peak","mntd","Tracheophyta",1,"Talus","total","RD"
"Mount Cramer8",37,110.291414351351,116.046188138378,24.0127931718878,4199,-0.239654493579042,0.41985801419858,10000,"Mount Cramer","mntd","Tracheophyta",0,"Talus","total","RD"
"Salzburger Spitzl8",43,133.027329534884,105.633119872119,20.4733519691424,9000,1.33804223675996,0.8999100089991,10000,"Salzburger Spitzl","mntd","Tracheophyta",0,"Talus","total","RD"
"Snowyside Peak8",35,128.171158685714,119.5345923209,25.0050711909315,6251,0.345392592521251,0.625037496250375,10000,"Snowyside Peak","mntd","Tracheophyta",0,"Talus","total","RD"
"Thompson Peak8",17,98.2423734117647,168.252436298318,46.0682559646394,440,-1.51970291517635,0.043995600439956,10000,"Thompson Peak","mntd","Tracheophyta",1,"Talus","total","RD"
"Braxon Peak12",7,40.8640451428571,44.4575116942143,14.6887303668058,4103,-0.244641058935754,0.41025897410259,10000,"Braxon Peak","mntd","Asterales",0,"Talus","total","RD"
"Castle Peak12",17,22.1824078823529,24.7711225443294,5.11849278284855,3038,-0.505757216392087,0.303769623037696,10000,"Castle Peak","mntd","Asterales",0,"Talus","total","RD"
"D.O. Lee Peak12",6,39.5275603333333,49.0853659256,17.3386392451353,2882.5,-0.551243119897561,0.288221177882212,10000,"D.O. Lee Peak","mntd","Asterales",0,"Talus","total","RD"
"Horstmann Peak12",7,55.083037,44.9174557658143,14.6587193626543,7546.5,0.693483583571723,0.754574542545745,10000,"Horstmann Peak","mntd","Asterales",0,"Talus","total","RD"
"Hyndman Peak12",12,41.9304990833333,31.3310213823083,8.17055313120726,8979,1.29727786244245,0.897810218978102,10000,"Hyndman Peak","mntd","Asterales",0,"Talus","total","RD"
"Mount Cramer12",10,25.7796958,35.53907891949,10.0993336790033,1790,-0.966339308085238,0.178982101789821,10000,"Mount Cramer","mntd","Asterales",0,"Talus","total","RD"
"Salzburger Spitzl12",10,56.7324334,35.78396212726,10.0427564323303,9868,2.08592844144873,0.986701329867013,10000,"Salzburger Spitzl","mntd","Asterales",1,"Talus","total","RD"
"Snowyside Peak12",11,14.0646050909091,33.3778021457182,9.14161642560384,163,-2.11266762415416,0.0162983701629837,10000,"Snowyside Peak","mntd","Asterales",1,"Talus","total","RD"
"Thompson Peak12",4,64.8555075,61.831522750325,24.7648949515637,6572.5,0.122107715602648,0.657184281571843,10000,"Thompson Peak","mntd","Asterales",0,"Talus","total","RD"
"Braxon Peak22",5,71.715978,74.52948257546,17.7609433567957,4718,-0.158409636185427,0.471752824717528,10000,"Braxon Peak","mntd","Caryophyllales",0,"Talus","total","RD"
"Castle Peak22",5,74.3753324,74.60161035286,17.8021891632122,5278.5,-0.0127106812979833,0.527797220277972,10000,"Castle Peak","mntd","Caryophyllales",0,"Talus","total","RD"
"D.O. Lee Peak22",6,74.4493693333333,67.0578379787333,14.004556579961,7241.5,0.527794743974721,0.724077592240776,10000,"D.O. Lee Peak","mntd","Caryophyllales",0,"Talus","total","RD"
"Horstmann Peak22",4,38.215758,86.276399812625,23.5101860243477,425.5,-2.04424761942982,0.0425457454254575,10000,"Horstmann Peak","mntd","Caryophyllales",1,"Talus","total","RD"
"Hyndman Peak22",6,74.4493691666667,66.8484268153,14.1043619433825,7099,0.538907210540841,0.70982901709829,10000,"Hyndman Peak","mntd","Caryophyllales",0,"Talus","total","RD"
"Mount Cramer22",4,106.1158755,86.506371656025,23.5464278556247,7864.5,0.832801644657569,0.786371362863714,10000,"Mount Cramer","mntd","Caryophyllales",0,"Talus","total","RD"
"Salzburger Spitzl22",7,73.0015197142857,61.6295317182429,11.282697973982,8282.5,1.00791388923703,0.828167183281672,10000,"Salzburger Spitzl","mntd","Caryophyllales",0,"Talus","total","RD"
"Snowyside Peak22",4,76.69939675,86.330174458,23.6358458949415,3312,-0.407464905246364,0.331166883311669,10000,"Snowyside Peak","mntd","Caryophyllales",0,"Talus","total","RD"
"Thompson Peak22",3,72.1887706666667,104.7045119931,32.2287106257963,2041.5,-1.00890605596884,0.204129587041296,10000,"Thompson Peak","mntd","Caryophyllales",0,"Talus","total","RD"
"Braxon Peak32",5,92.0850988,118.91555170316,34.7100044585692,2320,-0.772989036494811,0.231976802319768,10000,"Braxon Peak","mntd","Poales",0,"Talus","total","RD"
"Castle Peak32",7,74.1700208571429,84.4152220928143,21.3187310374372,2898,-0.48057275161829,0.28977102289771,10000,"Castle Peak","mntd","Poales",0,"Talus","total","RD"
"D.O. Lee Peak32",4,166.34359025,144.827913975875,47.1691841014312,5836.5,0.456138402306436,0.583591640835916,10000,"D.O. Lee Peak","mntd","Poales",0,"Talus","total","RD"
"Horstmann Peak32",6,131.381868166667,98.9543826368167,27.1214972184732,8725,1.19563773594928,0.872412758724128,10000,"Horstmann Peak","mntd","Poales",0,"Talus","total","RD"
"Hyndman Peak32",9,74.0314153333333,64.6775824083556,13.0470368726213,7793,0.716931592690325,0.779222077792221,10000,"Hyndman Peak","mntd","Poales",0,"Talus","total","RD"
"Mount Cramer32",6,81.7166433333333,99.1712644406,26.5365468308147,2376,-0.657757816740422,0.237576242375762,10000,"Mount Cramer","mntd","Poales",0,"Talus","total","RD"
"Salzburger Spitzl32",7,97.6953067142857,84.7694003949714,21.3319810507291,7121,0.605940268209291,0.712028797120288,10000,"Salzburger Spitzl","mntd","Poales",0,"Talus","total","RD"
"Snowyside Peak32",5,110.7906198,118.3214260418,34.2294465760701,3627,-0.220009582248543,0.362663733626637,10000,"Snowyside Peak","mntd","Poales",0,"Talus","total","RD"
"Thompson Peak32",5,93.8206992,118.80971633622,34.7333790664247,2319.5,-0.719452521116088,0.231926807319268,10000,"Thompson Peak","mntd","Poales",0,"Talus","total","RD"
"Braxon Peak42",2,27.326976,56.3486194416,29.2046683436564,2312,-0.993733025833313,0.231176882311769,10000,"Braxon Peak","mntd","Lamiales",0,"Talus","total","RD"
"Castle Peak42",3,46.0146486666667,39.1228499731333,9.27398851741165,8813.5,0.743132114148533,0.881261873812619,10000,"Castle Peak","mntd","Lamiales",0,"Talus","total","RD"
"D.O. Lee Peak42",1,NA,NA,NA,NA,NA,NA,10000,"D.O. Lee Peak","mntd","Lamiales",NA,"Talus","total","RD"
"Horstmann Peak42",1,NA,NA,NA,NA,NA,NA,10000,"Horstmann Peak","mntd","Lamiales",NA,"Talus","total","RD"
"Hyndman Peak42",0,NA,NA,NA,NA,NA,NA,10000,"Hyndman Peak","mntd","Lamiales",NA,"Talus","total","RD"
"Mount Cramer42",3,28.563282,39.0437629598667,9.35678315942086,1937.5,-1.12009445781742,0.193730626937306,10000,"Mount Cramer","mntd","Lamiales",0,"Talus","total","RD"
"Salzburger Spitzl42",1,NA,NA,NA,NA,NA,NA,10000,"Salzburger Spitzl","mntd","Lamiales",NA,"Talus","total","RD"
"Snowyside Peak42",0,NA,NA,NA,NA,NA,NA,10000,"Snowyside Peak","mntd","Lamiales",NA,"Talus","total","RD"
"Thompson Peak42",0,NA,NA,NA,NA,NA,NA,10000,"Thompson Peak","mntd","Lamiales",NA,"Talus","total","RD"
"Braxon Peak52",0,NA,NA,NA,NA,NA,NA,10000,"Braxon Peak","mntd","Brassicales",NA,"Talus","total","RD"
"Castle Peak52",5,6.8699764,16.11230678196,4.49530725371265,502.5,-2.0559952546796,0.0502449755024498,10000,"Castle Peak","mntd","Brassicales",0,"Talus","total","RD"
"D.O. Lee Peak52",4,22.476321,18.6579907719,5.91915722599766,7912,0.645080048107091,0.791120887911209,10000,"D.O. Lee Peak","mntd","Brassicales",0,"Talus","total","RD"
"Horstmann Peak52",2,40.873422,29.7303480306,14.4247595310714,6573.5,0.772496341820981,0.657284271572843,10000,"Horstmann Peak","mntd","Brassicales",0,"Talus","total","RD"
"Hyndman Peak52",5,20.0736724,16.12986402516,4.47485584017806,7714,0.881326352332966,0.771322867713229,10000,"Hyndman Peak","mntd","Brassicales",0,"Talus","total","RD"
"Mount Cramer52",2,26.053056,29.8913490242,14.3861935522689,3318.5,-0.26680393324714,0.331816818318168,10000,"Mount Cramer","mntd","Brassicales",0,"Talus","total","RD"
"Salzburger Spitzl52",3,37.3539006666667,22.7571253440667,8.96500380574258,9111,1.62819510609131,0.911008899110089,10000,"Salzburger Spitzl","mntd","Brassicales",0,"Talus","total","RD"
"Snowyside Peak52",3,37.3539006666667,22.8909084970667,8.9323928980278,9103,1.619162114196,0.91020897910209,10000,"Snowyside Peak","mntd","Brassicales",0,"Talus","total","RD"
"Thompson Peak52",2,35.59414,30.1330595878,14.2794379405199,3930,0.382443653240959,0.392960703929607,10000,"Thompson Peak","mntd","Brassicales",0,"Talus","total","RD"
"Braxon Peak62",0,NA,NA,NA,NA,NA,NA,10000,"Braxon Peak","mntd","Ericales",NA,"Talus","total","RD"
"Castle Peak62",2,60.721264,130.7438872324,55.5291830062058,2417.5,-1.26100582507354,0.241725827417258,10000,"Castle Peak","mntd","Ericales",0,"Talus","total","RD"
"D.O. Lee Peak62",3,85.9334,100.623985745933,38.7235915164008,3145,-0.379370434679628,0.314468553144686,10000,"D.O. Lee Peak","mntd","Ericales",0,"Talus","total","RD"
"Horstmann Peak62",2,165.644712,128.9955811274,56.2566795422304,5382,0.651462744883271,0.538146185381462,10000,"Horstmann Peak","mntd","Ericales",0,"Talus","total","RD"
"Hyndman Peak62",4,74.63328,80.0801483025,27.7505875437299,4518.5,-0.196279386658633,0.451804819518048,10000,"Hyndman Peak","mntd","Ericales",0,"Talus","total","RD"
"Mount Cramer62",3,23.4240046666667,100.703146759133,38.1643691260274,84.5,-2.0249029097605,0.00844915508449155,10000,"Mount Cramer","mntd","Ericales",1,"Talus","total","RD"
"Salzburger Spitzl62",3,97.287444,101.307175869267,38.8753316957356,7433.5,-0.103400580623409,0.743275672432757,10000,"Salzburger Spitzl","mntd","Ericales",0,"Talus","total","RD"
"Snowyside Peak62",3,84.3417026666667,101.278159900667,38.4066114658009,2710.5,-0.440977649097761,0.271022897710229,10000,"Snowyside Peak","mntd","Ericales",0,"Talus","total","RD"
"Thompson Peak62",1,NA,NA,NA,NA,NA,NA,10000,"Thompson Peak","mntd","Ericales",NA,"Talus","total","RD"
"Braxon Peak71",26,334.776892953846,335.575651884368,56.7010856492034,5088,-0.0140871893611216,0.508749125087491,10000,"Braxon Peak","mpd","Tracheophyta",0,"Talus","total","RD"
"Castle Peak71",53,327.038120166909,334.110936977424,33.5196716390822,4186,-0.211004955140103,0.418558144185581,10000,"Castle Peak","mpd","Tracheophyta",0,"Talus","total","RD"
"D.O. Lee Peak71",31,256.604012606452,334.970480592625,51.112066244845,590,-1.5332283302884,0.058994100589941,10000,"D.O. Lee Peak","mpd","Tracheophyta",0,"Talus","total","RD"
"Horstmann Peak71",35,414.15538234958,334.216218774838,46.3495660112294,9541,1.72470144715862,0.954004599540046,10000,"Horstmann Peak","mpd","Tracheophyta",1,"Talus","total","RD"
"Hyndman Peak71",43,267.195761605759,334.336156352297,40.2760432207219,445,-1.6670057279111,0.0444955504449555,10000,"Hyndman Peak","mpd","Tracheophyta",1,"Talus","total","RD"
"Mount Cramer71",37,323.012983654655,335.262125683124,45.2810794632642,4110,-0.270513472153579,0.410958904109589,10000,"Mount Cramer","mpd","Tracheophyta",0,"Talus","total","RD"
"Salzburger Spitzl71",43,340.121023634551,335.012529384026,39.8980567152674,5510,0.128038673336462,0.550944905509449,10000,"Salzburger Spitzl","mpd","Tracheophyta",0,"Talus","total","RD"
"Snowyside Peak71",35,390.613675630252,335.221218713232,46.8184047890032,8739,1.18313422182276,0.873812618738126,10000,"Snowyside Peak","mpd","Tracheophyta",0,"Talus","total","RD"
"Thompson Peak71",17,289.341306897059,334.921002175559,73.8528828079234,3131,-0.61716880297068,0.313068693130687,10000,"Thompson Peak","mpd","Tracheophyta",0,"Talus","total","RD"
"Braxon Peak111",7,88.3251308571429,84.3206910025238,10.1093042466195,5792,0.39611428807854,0.579142085791421,10000,"Braxon Peak","mpd","Asterales",0,"Talus","total","RD"
"Castle Peak111",17,86.8630521029412,84.4206551078485,4.31987930069264,6664,0.565385471464687,0.666333366663334,10000,"Castle Peak","mpd","Asterales",0,"Talus","total","RD"
"D.O. Lee Peak111",6,86.2835132666667,84.39903990382,11.0491512294551,5146.5,0.170553676360497,0.514598540145985,10000,"D.O. Lee Peak","mpd","Asterales",0,"Talus","total","RD"
"Horstmann Peak111",7,93.988598,84.3736298197429,9.94226668145721,8637.5,0.967080092328394,0.863663633636636,10000,"Horstmann Peak","mpd","Asterales",0,"Talus","total","RD"
"Hyndman Peak111",12,80.6159026212121,84.4047346540303,6.17178633848859,2524.5,-0.613895527975459,0.252424757524248,10000,"Hyndman Peak","mpd","Asterales",0,"Talus","total","RD"
"Mount Cramer111",10,84.8392454444445,84.3776008437733,7.25503850886796,4252,0.063630895977581,0.425157484251575,10000,"Mount Cramer","mpd","Asterales",0,"Talus","total","RD"
"Salzburger Spitzl111",10,95.6230562222222,84.4795104779089,7.26395942258585,9948.5,1.53408700352382,0.994750524947505,10000,"Salzburger Spitzl","mpd","Asterales",1,"Talus","total","RD"
"Snowyside Peak111",11,84.4583423272727,84.4825137885891,6.64814886917002,4472,-0.00363581829950421,0.447155284471553,10000,"Snowyside Peak","mpd","Asterales",0,"Talus","total","RD"
"Thompson Peak111",4,91.7021421666667,84.6144039693667,16.423635425836,6544,0.43155720481656,0.654334566543346,10000,"Thompson Peak","mpd","Asterales",0,"Talus","total","RD"
"Braxon Peak211",5,138.8168112,133.94196971472,15.9364738206656,5064.5,0.305892102615483,0.506399360063994,10000,"Braxon Peak","mpd","Caryophyllales",0,"Talus","total","RD"
"Castle Peak211",5,139.4816498,133.66773980332,16.3231466518822,5725.5,0.356175810992276,0.572492750724928,10000,"Castle Peak","mpd","Caryophyllales",0,"Talus","total","RD"
"D.O. Lee Peak211",6,143.466174666667,133.795104209873,12.5940233994986,8197,0.767909519461301,0.81961803819618,10000,"D.O. Lee Peak","mpd","Caryophyllales",0,"Talus","total","RD"
"Horstmann Peak211",4,72.89277,133.557030520267,21.9654650393025,319,-2.76180178346878,0.0318968103189681,10000,"Horstmann Peak","mpd","Caryophyllales",1,"Talus","total","RD"
"Hyndman Peak211",6,143.466174333333,133.68735443864,12.7650270121802,8021,0.766063392217074,0.802019798020198,10000,"Hyndman Peak","mpd","Caryophyllales",0,"Talus","total","RD"
"Mount Cramer211",4,154.653208833333,133.766963832983,21.4555878903699,9301,0.973464120725608,0.93000699930007,10000,"Mount Cramer","mpd","Caryophyllales",0,"Talus","total","RD"
"Salzburger Spitzl211",7,144.091268285714,133.644366802324,10.3327821434384,9483.5,1.0110443962108,0.948255174482552,10000,"Salzburger Spitzl","mpd","Caryophyllales",0,"Talus","total","RD"
"Snowyside Peak211",4,122.675065833333,133.589475023467,21.5850179149954,2006.5,-0.505647446442512,0.200629937006299,10000,"Snowyside Peak","mpd","Caryophyllales",0,"Talus","total","RD"
"Thompson Peak211",3,125.555323333333,134.127821632467,30.8419037061275,2920,-0.277949713507152,0.291970802919708,10000,"Thompson Peak","mpd","Caryophyllales",0,"Talus","total","RD"
"Braxon Peak311",5,247.3044742,232.8259733234,25.9883792752875,5856.5,0.557114421150828,0.585591440855914,10000,"Braxon Peak","mpd","Poales",0,"Talus","total","RD"
"Castle Peak311",7,196.324762095238,232.423332766276,15.2458184879241,226,-2.36776862453341,0.0225977402259774,10000,"Castle Peak","mpd","Poales",1,"Talus","total","RD"
"D.O. Lee Peak311",4,213.980484166667,232.427770995767,36.1694259320853,2948.5,-0.510024318985271,0.294820517948205,10000,"D.O. Lee Peak","mpd","Poales",0,"Talus","total","RD"
"Horstmann Peak311",6,249.387114333333,232.841366675827,19.4612831006105,8385,0.850187912686376,0.838416158384162,10000,"Horstmann Peak","mpd","Poales",0,"Talus","total","RD"
"Hyndman Peak311",9,225.608653166667,232.37537295145,9.88217334503821,1905.5,-0.68474004133725,0.190530946905309,10000,"Hyndman Peak","mpd","Poales",0,"Talus","total","RD"
"Mount Cramer311",6,222.951193266667,232.31247667852,19.8300927543924,2493,-0.472074615474492,0.249275072492751,10000,"Mount Cramer","mpd","Poales",0,"Talus","total","RD"
"Salzburger Spitzl311",7,233.610183142857,232.591660666114,15.5138420906372,4007.5,0.0656524973499353,0.400709929007099,10000,"Salzburger Spitzl","mpd","Poales",0,"Talus","total","RD"
"Snowyside Peak311",5,183.4857868,232.76889556482,25.9336088027952,484,-1.90035675865937,0.0483951604839516,10000,"Snowyside Peak","mpd","Poales",1,"Talus","total","RD"
"Thompson Peak311",5,247.7383746,232.15788334038,26.9212381222005,6930,0.578743488278556,0.692930706929307,10000,"Thompson Peak","mpd","Poales",0,"Talus","total","RD"
"Braxon Peak411",2,27.326976,55.5536280148,29.3956950580317,2451,-0.96023080791511,0.245075492450755,10000,"Braxon Peak","mpd","Lamiales",0,"Talus","total","RD"
"Castle Peak411",3,63.5259833333333,56.0643013792,13.6184916642374,8875.5,0.547908104517031,0.887461253874612,10000,"Castle Peak","mpd","Lamiales",0,"Talus","total","RD"
"D.O. Lee Peak411",1,NA,NA,NA,NA,NA,NA,10000,"D.O. Lee Peak","mpd","Lamiales",NA,"Talus","total","RD"
"Horstmann Peak411",1,NA,NA,NA,NA,NA,NA,10000,"Horstmann Peak","mpd","Lamiales",NA,"Talus","total","RD"
"Hyndman Peak411",0,NA,NA,NA,NA,NA,NA,10000,"Hyndman Peak","mpd","Lamiales",NA,"Talus","total","RD"
"Mount Cramer411",3,54.8003,56.1556260266667,13.5634687533121,1984,-0.0999247354284432,0.198380161983802,10000,"Mount Cramer","mpd","Lamiales",0,"Talus","total","RD"
"Salzburger Spitzl411",1,NA,NA,NA,NA,NA,NA,10000,"Salzburger Spitzl","mpd","Lamiales",NA,"Talus","total","RD"
"Snowyside Peak411",0,NA,NA,NA,NA,NA,NA,10000,"Snowyside Peak","mpd","Lamiales",NA,"Talus","total","RD"
"Thompson Peak411",0,NA,NA,NA,NA,NA,NA,10000,"Thompson Peak","mpd","Lamiales",NA,"Talus","total","RD"
"Braxon Peak511",0,NA,NA,NA,NA,NA,NA,10000,"Braxon Peak","mpd","Brassicales",NA,"Talus","total","RD"
"Castle Peak511",5,27.811009,29.8400878778,4.45159611380691,2111.5,-0.455809293099769,0.211128887111289,10000,"Castle Peak","mpd","Brassicales",0,"Talus","total","RD"
"D.O. Lee Peak511",4,34.741055,29.8205168081,5.93578132861598,7901.5,0.828962173552189,0.79007099290071,10000,"D.O. Lee Peak","mpd","Brassicales",0,"Talus","total","RD"
"Horstmann Peak511",2,40.873422,29.6688892328,14.435746649751,6585,0.776165794471967,0.658434156584342,10000,"Horstmann Peak","mpd","Brassicales",0,"Talus","total","RD"
"Hyndman Peak511",5,31.111933,29.79816593232,4.44124512071489,6576.5,0.295810528797953,0.657584241575842,10000,"Hyndman Peak","mpd","Brassicales",0,"Talus","total","RD"
"Mount Cramer511",2,26.053056,29.552368097,14.5124841786457,3417.5,-0.241124266109384,0.341715828417158,10000,"Mount Cramer","mpd","Brassicales",0,"Talus","total","RD"
"Salzburger Spitzl511",3,39.1136613333333,29.8002453366,8.52952407314981,9092,1.09190336024153,0.909109089091091,10000,"Salzburger Spitzl","mpd","Brassicales",0,"Talus","total","RD"
"Snowyside Peak511",3,39.1136613333333,29.8098859818,8.55203416712866,9087.5,1.0879020323953,0.908659134086591,10000,"Snowyside Peak","mpd","Brassicales",0,"Talus","total","RD"
"Thompson Peak511",2,35.59414,29.7947092088,14.4133289595477,4029.5,0.402365810665714,0.402909709029097,10000,"Thompson Peak","mpd","Brassicales",0,"Talus","total","RD"
"Braxon Peak611",0,NA,NA,NA,NA,NA,NA,10000,"Braxon Peak","mpd","Ericales",NA,"Talus","total","RD"
"Castle Peak611",2,60.721264,129.1515440744,56.2080890303231,2521,-1.21744541141549,0.252074792520748,10000,"Castle Peak","mpd","Ericales",0,"Talus","total","RD"
"D.O. Lee Peak611",3,128.176602,129.025954195133,30.2394644799712,3117,-0.0280875408919983,0.311668833116688,10000,"D.O. Lee Peak","mpd","Ericales",0,"Talus","total","RD"
"Horstmann Peak611",2,165.644712,129.9446504812,55.9301415420644,5307,0.638297356926058,0.530646935306469,10000,"Horstmann Peak","mpd","Ericales",0,"Talus","total","RD"
"Hyndman Peak611",4,111.066327666667,128.952682300233,19.7165966255511,2827.5,-0.907172519337716,0.282721727827217,10000,"Hyndman Peak","mpd","Ericales",0,"Talus","total","RD"
"Mount Cramer611",3,40.6142573333333,129.178747139,30.3082369760492,87.5,-2.92212608327082,0.00874912508749125,10000,"Mount Cramer","mpd","Ericales",1,"Talus","total","RD"
"Salzburger Spitzl611",3,133.853624,129.6213573134,30.0341651396087,7471,0.14091507677763,0.747025297470253,10000,"Salzburger Spitzl","mpd","Ericales",0,"Talus","total","RD"
"Snowyside Peak611",3,124.993207333333,129.1291758142,30.4398753161914,2795.5,-0.135873371290279,0.27952204779522,10000,"Snowyside Peak","mpd","Ericales",0,"Talus","total","RD"
"Thompson Peak611",1,NA,NA,NA,NA,NA,NA,10000,"Thompson Peak","mpd","Ericales",NA,"Talus","total","RD"
"D.O. Lee Peak9",26,95.7233628461538,132.81262650735,26.5271308953664,766,-1.39816340513759,0.0765923407659234,10000,"D.O. Lee Peak","mntd","Tracheophyta",0,"Meadow","total","RD"
"Hyndman Peak9",29,108.657408448276,127.01534064989,24.3211604294524,2348,-0.754813169990967,0.234776522347765,10000,"Hyndman Peak","mntd","Tracheophyta",0,"Meadow","total","RD"
"Salzburger Spitzl9",23,111.926120043478,139.983596687317,29.7610140369106,1769,-0.94275943047644,0.176882311768823,10000,"Salzburger Spitzl","mntd","Tracheophyta",0,"Meadow","total","RD"
"Thompson Peak9",31,110.861704387097,123.118553052752,22.6364871852454,3039,-0.541464254826779,0.303869613038696,10000,"Thompson Peak","mntd","Tracheophyta",0,"Meadow","total","RD"
"D.O. Lee Peak13",7,45.4294185714286,51.9284642215429,17.6281363635309,3655,-0.368674573198759,0.365463453654635,10000,"D.O. Lee Peak","mntd","Asterales",0,"Meadow","total","RD"
"Hyndman Peak13",7,50.3155767142857,51.9758723095,17.6090544664137,4636,-0.0942864705416763,0.463553644635536,10000,"Hyndman Peak","mntd","Asterales",0,"Meadow","total","RD"
"Salzburger Spitzl13",4,62.4845265,70.290896666625,27.2709694963152,4874,-0.286252022234845,0.487351264873513,10000,"Salzburger Spitzl","mntd","Asterales",0,"Meadow","total","RD"
"Thompson Peak13",5,59.2631126,62.83653855586,23.4680672850898,4132.5,-0.152267586096889,0.413208679132087,10000,"Thompson Peak","mntd","Asterales",0,"Meadow","total","RD"
"D.O. Lee Peak23",4,13.137656,94.141686504975,24.7198880238652,77,-3.27687691897195,0.0076992300769923,10000,"D.O. Lee Peak","mntd","Caryophyllales",1,"Meadow","total","RD"
"Hyndman Peak23",5,65.1537152,82.15314134732,21.9533288727205,2394.5,-0.774343893168917,0.239426057394261,10000,"Hyndman Peak","mntd","Caryophyllales",0,"Meadow","total","RD"
"Salzburger Spitzl23",2,178.921875,136.527151177,49.0382270064261,5671.5,0.864523993035973,0.567093290670933,10000,"Salzburger Spitzl","mntd","Caryophyllales",0,"Meadow","total","RD"
"Thompson Peak23",4,70.557883,94.36480920645,24.5052583225277,1698,-0.97150276455418,0.16978302169783,10000,"Thompson Peak","mntd","Caryophyllales",0,"Meadow","total","RD"
"D.O. Lee Peak33",4,199.753351,137.734361964525,47.3941881385437,9445.5,1.30857793901184,0.944455554444556,10000,"D.O. Lee Peak","mntd","Poales",0,"Meadow","total","RD"
"Hyndman Peak33",3,136.590915,176.2362569001,71.3662534281755,3683,-0.555519450660246,0.368263173682632,10000,"Hyndman Peak","mntd","Poales",0,"Meadow","total","RD"
"Salzburger Spitzl33",3,76.61949,175.387359209167,71.3762902698777,828,-1.38376299518678,0.0827917208279172,10000,"Salzburger Spitzl","mntd","Poales",0,"Meadow","total","RD"
"Thompson Peak33",5,154.0251298,111.92167245532,32.2394446970887,8713,1.30596099716575,0.871212878712129,10000,"Thompson Peak","mntd","Poales",0,"Meadow","total","RD"
"D.O. Lee Peak43",0,NA,NA,NA,NA,NA,NA,10000,"D.O. Lee Peak","mntd","Lamiales",NA,"Meadow","total","RD"
"Hyndman Peak43",4,58.212993,48.478739627275,12.9727884444114,7582,0.750359370650066,0.758124187581242,10000,"Hyndman Peak","mntd","Lamiales",0,"Meadow","total","RD"
"Salzburger Spitzl43",5,28.2249064,43.59420789682,10.3413045111157,828,-1.48620529260113,0.0827917208279172,10000,"Salzburger Spitzl","mntd","Lamiales",0,"Meadow","total","RD"
"Thompson Peak43",2,74.933456,65.7301734585,21.612263351751,4353,0.425836127929395,0.435256474352565,10000,"Thompson Peak","mntd","Lamiales",0,"Meadow","total","RD"
"D.O. Lee Peak53",1,NA,NA,NA,NA,NA,NA,10000,"D.O. Lee Peak","mntd","Brassicales",NA,"Meadow","total","RD"
"Hyndman Peak53",0,NA,NA,NA,NA,NA,NA,10000,"Hyndman Peak","mntd","Brassicales",NA,"Meadow","total","RD"
"Salzburger Spitzl53",0,NA,NA,NA,NA,NA,NA,10000,"Salzburger Spitzl","mntd","Brassicales",NA,"Meadow","total","RD"
"Thompson Peak53",1,NA,NA,NA,NA,NA,NA,10000,"Thompson Peak","mntd","Brassicales",NA,"Meadow","total","RD"
"D.O. Lee Peak63",2,165.644712,103.7485286482,64.6471858648345,7482.5,0.957445904624737,0.748175182481752,10000,"D.O. Lee Peak","mntd","Ericales",0,"Meadow","total","RD"
"Hyndman Peak63",2,6.233752,102.799569307,64.9611325608982,847.5,-1.48651683707137,0.0847415258474153,10000,"Hyndman Peak","mntd","Ericales",0,"Meadow","total","RD"
"Salzburger Spitzl63",1,NA,NA,NA,NA,NA,NA,10000,"Salzburger Spitzl","mntd","Ericales",NA,"Meadow","total","RD"
"Thompson Peak63",4,58.9791815,58.9791815,0,5001,NA,0.5000499950005,10000,"Thompson Peak","mntd","Ericales",0,"Meadow","total","RD"
"D.O. Lee Peak72",26,258.780314338462,309.330141550048,39.2252666291743,1067,-1.28870576430932,0.106689331066893,10000,"D.O. Lee Peak","mpd","Tracheophyta",0,"Meadow","total","RD"
"Hyndman Peak72",29,294.866667896552,309.362278539877,35.3079063171668,3571,-0.410548575526208,0.357064293570643,10000,"Hyndman Peak","mpd","Tracheophyta",0,"Meadow","total","RD"
"Salzburger Spitzl72",23,251.246307525692,309.614500519318,42.3322672234189,835,-1.37881093600713,0.0834916508349165,10000,"Salzburger Spitzl","mpd","Tracheophyta",0,"Meadow","total","RD"
"Thompson Peak72",31,345.995618980645,309.8192173285,33.7490470459744,8446,1.07192364877337,0.844515548445156,10000,"Thompson Peak","mpd","Tracheophyta",0,"Meadow","total","RD"
"D.O. Lee Peak112",7,73.7418344761905,95.694546112019,11.5686725384753,426.5,-1.89759988130166,0.0426457354264574,10000,"D.O. Lee Peak","mpd","Asterales",1,"Meadow","total","RD"
"Hyndman Peak112",7,112.59386847619,96.1322917753333,11.4648313875248,9814.5,1.43583242914235,0.981351864813519,10000,"Hyndman Peak","mpd","Asterales",1,"Meadow","total","RD"
"Salzburger Spitzl112",4,89.0635798333333,95.5472881408333,19.4916178463396,4002,-0.33264084893382,0.4001599840016,10000,"Salzburger Spitzl","mpd","Asterales",0,"Meadow","total","RD"
"Thompson Peak112",5,87.9498256,96.0283699259,15.5957641499313,2655.5,-0.517996056380194,0.265523447655235,10000,"Thompson Peak","mpd","Asterales",0,"Meadow","total","RD"
"D.O. Lee Peak212",4,123.660468666667,137.2006765607,15.8892835484506,2071,-0.852159749855661,0.207079292070793,10000,"D.O. Lee Peak","mpd","Caryophyllales",0,"Meadow","total","RD"
"Hyndman Peak212",5,141.9416252,137.16309284232,10.9875162557894,6565.5,0.434905600723199,0.656484351564844,10000,"Hyndman Peak","mpd","Caryophyllales",0,"Meadow","total","RD"
"Salzburger Spitzl212",2,178.921875,136.2265537664,49.2322519446604,5680,0.867222593871834,0.567943205679432,10000,"Salzburger Spitzl","mpd","Caryophyllales",0,"Meadow","total","RD"
"Thompson Peak212",4,104.852944333333,137.258856414383,16.1735924980828,433,-2.00363104764086,0.0432956704329567,10000,"Thompson Peak","mpd","Caryophyllales",1,"Meadow","total","RD"
"D.O. Lee Peak312",4,270.095640333333,229.7278083566,39.6042640199861,9380,1.01927994309809,0.937906209379062,10000,"D.O. Lee Peak","mpd","Poales",0,"Meadow","total","RD"
"Hyndman Peak312",3,220.92885,229.837784588667,58.0437381120717,4225.5,-0.15348657544187,0.422507749225078,10000,"Hyndman Peak","mpd","Poales",0,"Meadow","total","RD"
"Salzburger Spitzl312",3,100.986,229.8533859866,58.7895888422456,837,-2.19201032911455,0.0836916308369163,10000,"Salzburger Spitzl","mpd","Poales",0,"Meadow","total","RD"
"Thompson Peak312",5,228.520383,229.43979115116,29.0460399051816,4071.5,-0.0316534768306229,0.407109289071093,10000,"Thompson Peak","mpd","Poales",0,"Meadow","total","RD"
"D.O. Lee Peak412",0,NA,NA,NA,NA,NA,NA,10000,"D.O. Lee Peak","mpd","Lamiales",NA,"Meadow","total","RD"
"Hyndman Peak412",4,69.2005615,65.8336604463167,8.98246615785694,5514.5,0.374830363344962,0.551394860513949,10000,"Hyndman Peak","mpd","Lamiales",0,"Meadow","total","RD"
"Salzburger Spitzl412",5,44.736169,65.79732543838,6.56045062079537,102,-3.21032161596037,0.0101989801019898,10000,"Salzburger Spitzl","mpd","Lamiales",1,"Meadow","total","RD"
"Thompson Peak412",2,74.933456,65.468605554,21.9738897107578,4334.5,0.430731680671278,0.433406659334067,10000,"Thompson Peak","mpd","Lamiales",0,"Meadow","total","RD"
"D.O. Lee Peak512",1,NA,NA,NA,NA,NA,NA,10000,"D.O. Lee Peak","mpd","Brassicales",NA,"Meadow","total","RD"
"Hyndman Peak512",0,NA,NA,NA,NA,NA,NA,10000,"Hyndman Peak","mpd","Brassicales",NA,"Meadow","total","RD"
"Salzburger Spitzl512",0,NA,NA,NA,NA,NA,NA,10000,"Salzburger Spitzl","mpd","Brassicales",NA,"Meadow","total","RD"
"Thompson Peak512",1,NA,NA,NA,NA,NA,NA,10000,"Thompson Peak","mpd","Brassicales",NA,"Meadow","total","RD"
"D.O. Lee Peak612",2,165.644712,103.0724244558,64.6492501602077,7510.5,0.967873368819271,0.750974902509749,10000,"D.O. Lee Peak","mpd","Ericales",0,"Meadow","total","RD"
"Hyndman Peak612",2,6.233752,103.061170567,64.6350238292242,819,-1.49806425109138,0.0818918108189181,10000,"Hyndman Peak","mpd","Ericales",0,"Meadow","total","RD"
"Salzburger Spitzl612",1,NA,NA,NA,NA,NA,NA,10000,"Salzburger Spitzl","mpd","Ericales",NA,"Meadow","total","RD"
"Thompson Peak612",4,103.129484666667,103.129484666667,0,5001,NA,0.5000499950005,10000,"Thompson Peak","mpd","Ericales",0,"Meadow","total","RD"
